,date,elev,unit,elevft
0,2013-01-01,1279.933185999984,ft,4199.25585958
1,2013-01-02,1279.9301379999843,ft,4199.245859580001
2,2013-01-03,1279.933185999984,ft,4199.25585958
3,2013-01-04,1279.9301379999843,ft,4199.245859580001
4,2013-01-05,1279.933185999984,ft,4199.25585958
5,2013-01-06,1279.9392819999841,ft,4199.2758595800005
6,2013-01-07,1279.9392819999841,ft,4199.2758595800005
7,2013-01-08,1279.9301379999843,ft,4199.245859580001
8,2013-01-09,1279.9209939999841,ft,4199.21585958
9,2013-01-10,1279.9575699999841,ft,4199.33585958
10,2013-01-11,1280.0002419999842,ft,4199.47585958
11,2013-01-12,1279.945377999984,ft,4199.29585958
12,2013-01-13,1279.936233999984,ft,4199.26585958
13,2013-01-14,1279.9301379999843,ft,4199.245859580001
14,2013-01-15,1279.936233999984,ft,4199.26585958
15,2013-01-16,1279.9392819999841,ft,4199.2758595800005
16,2013-01-17,1279.9392819999841,ft,4199.2758595800005
17,2013-01-18,1279.9392819999841,ft,4199.2758595800005
18,2013-01-19,1279.9392819999841,ft,4199.2758595800005
19,2013-01-20,1279.9392819999841,ft,4199.2758595800005
20,2013-01-21,1279.9392819999841,ft,4199.2758595800005
21,2013-01-22,1279.945377999984,ft,4199.29585958
22,2013-01-23,1279.9514739999843,ft,4199.3158595800005
23,2013-01-24,1279.9636659999842,ft,4199.3558595800005
24,2013-01-25,1279.9545219999843,ft,4199.325859580001
25,2013-01-26,1279.9484259999842,ft,4199.30585958
26,2013-01-27,1279.9850019999842,ft,4199.42585958
27,2013-01-28,1279.981953999984,ft,4199.41585958
28,2013-01-29,1279.9789059999844,ft,4199.405859580001
29,2013-01-30,1279.9606179999842,ft,4199.34585958
30,2013-01-31,1279.969761999984,ft,4199.37585958
31,2013-02-01,1279.972809999984,ft,4199.38585958
32,2013-02-02,1279.975857999984,ft,4199.39585958
33,2013-02-03,1279.9880499999842,ft,4199.43585958
34,2013-02-04,1279.981953999984,ft,4199.41585958
35,2013-02-05,1279.9910979999843,ft,4199.445859580001
36,2013-02-06,1279.9971939999841,ft,4199.46585958
37,2013-02-07,1279.9880499999842,ft,4199.43585958
38,2013-02-08,1280.0063379999842,ft,4199.495859580001
39,2013-02-09,1280.049009999984,ft,4199.63585958
40,2013-02-10,1280.0307219999843,ft,4199.575859580001
41,2013-02-11,1280.0154819999843,ft,4199.5258595800005
42,2013-02-12,1280.0032899999842,ft,4199.485859580001
43,2013-02-13,1280.0002419999842,ft,4199.47585958
44,2013-02-14,1280.0002419999842,ft,4199.47585958
45,2013-02-15,1280.0032899999842,ft,4199.485859580001
46,2013-02-16,1280.0063379999842,ft,4199.495859580001
47,2013-02-17,1280.0276739999842,ft,4199.5658595800005
48,2013-02-18,1280.009385999984,ft,4199.50585958
49,2013-02-19,1280.0154819999843,ft,4199.5258595800005
50,2013-02-20,1280.0794899999842,ft,4199.735859580001
51,2013-02-21,1280.045961999984,ft,4199.62585958
52,2013-02-22,1280.0215779999842,ft,4199.54585958
53,2013-02-23,1280.0276739999842,ft,4199.5658595800005
54,2013-02-24,1280.0520579999843,ft,4199.64585958
55,2013-02-25,1280.0032899999842,ft,4199.485859580001
56,2013-02-26,1280.033769999984,ft,4199.58585958
57,2013-02-27,1280.009385999984,ft,4199.50585958
58,2013-02-28,1280.0032899999842,ft,4199.485859580001
59,2013-03-01,1280.009385999984,ft,4199.50585958
60,2013-03-02,1280.0154819999843,ft,4199.5258595800005
61,2013-03-03,1280.0185299999844,ft,4199.535859580001
62,2013-03-04,1280.0398659999842,ft,4199.6058595800005
63,2013-03-05,1280.0246259999842,ft,4199.55585958
64,2013-03-06,1280.0307219999843,ft,4199.575859580001
65,2013-03-07,1280.033769999984,ft,4199.58585958
66,2013-03-08,1280.0672979999842,ft,4199.695859580001
67,2013-03-09,1280.1374019999841,ft,4199.92585958
68,2013-03-10,1280.0398659999842,ft,4199.6058595800005
69,2013-03-11,1280.0368179999841,ft,4199.59585958
70,2013-03-12,1280.0368179999841,ft,4199.59585958
71,2013-03-13,1280.0307219999843,ft,4199.575859580001
72,2013-03-14,1280.033769999984,ft,4199.58585958
73,2013-03-15,1280.049009999984,ft,4199.63585958
74,2013-03-16,1280.049009999984,ft,4199.63585958
75,2013-03-17,1280.113017999984,ft,4199.84585958
76,2013-03-18,1280.0520579999843,ft,4199.64585958
77,2013-03-19,1280.045961999984,ft,4199.62585958
78,2013-03-20,1280.0307219999843,ft,4199.575859580001
79,2013-03-21,1280.0977779999841,ft,4199.79585958
80,2013-03-22,1280.0764419999841,ft,4199.72585958
81,2013-03-23,1280.073393999984,ft,4199.71585958
82,2013-03-24,1280.045961999984,ft,4199.62585958
83,2013-03-25,1280.0429139999842,ft,4199.615859580001
84,2013-03-26,1280.0551059999843,ft,4199.655859580001
85,2013-03-27,1280.0581539999841,ft,4199.66585958
86,2013-03-28,1280.0642499999842,ft,4199.68585958
87,2013-03-29,1280.070345999984,ft,4199.70585958
88,2013-03-30,1280.0612019999842,ft,4199.67585958
89,2013-03-31,1280.0612019999842,ft,4199.67585958
90,2013-04-01,1280.0794899999842,ft,4199.735859580001
91,2013-04-02,1280.085585999984,ft,4199.75585958
92,2013-04-03,1280.070345999984,ft,4199.70585958
93,2013-04-04,1280.0551059999843,ft,4199.655859580001
94,2013-04-05,1280.0794899999842,ft,4199.735859580001
95,2013-04-06,1280.085585999984,ft,4199.75585958
96,2013-04-07,1280.085585999984,ft,4199.75585958
97,2013-04-08,1280.1953139999844,ft,4200.115859580001
98,2013-04-09,1280.0947299999843,ft,4199.785859580001
99,2013-04-10,1280.045961999984,ft,4199.62585958
100,2013-04-11,1280.0612019999842,ft,4199.67585958
101,2013-04-12,1280.0612019999842,ft,4199.67585958
102,2013-04-13,1280.109969999984,ft,4199.83585958
103,2013-04-14,1280.0642499999842,ft,4199.68585958
104,2013-04-15,1280.070345999984,ft,4199.70585958
105,2013-04-16,1280.109969999984,ft,4199.83585958
106,2013-04-17,1280.1069219999843,ft,4199.825859580001
107,2013-04-18,1280.0368179999841,ft,4199.59585958
108,2013-04-19,1280.033769999984,ft,4199.58585958
109,2013-04-20,1280.0520579999843,ft,4199.64585958
110,2013-04-21,1280.0398659999842,ft,4199.6058595800005
111,2013-04-22,1280.0916819999843,ft,4199.7758595800005
112,2013-04-23,1280.0642499999842,ft,4199.68585958
113,2013-04-24,1280.045961999984,ft,4199.62585958
114,2013-04-25,1280.0398659999842,ft,4199.6058595800005
115,2013-04-26,1280.0368179999841,ft,4199.59585958
116,2013-04-27,1280.0307219999843,ft,4199.575859580001
117,2013-04-28,1280.0398659999842,ft,4199.6058595800005
118,2013-04-29,1280.049009999984,ft,4199.63585958
119,2013-04-30,1280.0886339999843,ft,4199.76585958
120,2013-05-01,1280.0886339999843,ft,4199.76585958
121,2013-05-02,1280.0307219999843,ft,4199.575859580001
122,2013-05-03,1280.0307219999843,ft,4199.575859580001
123,2013-05-04,1280.0368179999841,ft,4199.59585958
124,2013-05-05,1280.012433999984,ft,4199.51585958
125,2013-05-06,1280.0154819999843,ft,4199.5258595800005
126,2013-05-07,1280.0063379999842,ft,4199.495859580001
127,2013-05-08,1280.0246259999842,ft,4199.55585958
128,2013-05-09,1280.0307219999843,ft,4199.575859580001
129,2013-05-10,1280.045961999984,ft,4199.62585958
130,2013-05-11,1280.0368179999841,ft,4199.59585958
131,2013-05-12,1280.0215779999842,ft,4199.54585958
132,2013-05-13,1280.0215779999842,ft,4199.54585958
133,2013-05-14,1280.0368179999841,ft,4199.59585958
134,2013-05-15,1280.0398659999842,ft,4199.6058595800005
135,2013-05-16,1280.045961999984,ft,4199.62585958
136,2013-05-17,1280.0429139999842,ft,4199.615859580001
137,2013-05-18,1280.0429139999842,ft,4199.615859580001
138,2013-05-19,1280.049009999984,ft,4199.63585958
139,2013-05-20,1280.049009999984,ft,4199.63585958
140,2013-05-21,1280.0032899999842,ft,4199.485859580001
141,2013-05-22,1280.1191139999842,ft,4199.865859580001
142,2013-05-23,1280.045961999984,ft,4199.62585958
143,2013-05-24,1280.0154819999843,ft,4199.5258595800005
144,2013-05-25,1280.0154819999843,ft,4199.5258595800005
145,2013-05-26,1280.0185299999844,ft,4199.535859580001
146,2013-05-27,1280.0368179999841,ft,4199.59585958
147,2013-05-28,1280.012433999984,ft,4199.51585958
148,2013-05-29,1280.0154819999843,ft,4199.5258595800005
149,2013-05-30,1280.009385999984,ft,4199.50585958
150,2013-05-31,1280.0032899999842,ft,4199.485859580001
151,2013-06-01,1279.9971939999841,ft,4199.46585958
152,2013-06-02,1280.0063379999842,ft,4199.495859580001
153,2013-06-03,1279.9910979999843,ft,4199.445859580001
154,2013-06-04,1279.9880499999842,ft,4199.43585958
155,2013-06-05,1279.981953999984,ft,4199.41585958
156,2013-06-06,1279.972809999984,ft,4199.38585958
157,2013-06-07,1279.969761999984,ft,4199.37585958
158,2013-06-08,1279.981953999984,ft,4199.41585958
159,2013-06-09,1279.9667139999842,ft,4199.365859580001
160,2013-06-10,1279.9575699999841,ft,4199.33585958
161,2013-06-11,1279.9575699999841,ft,4199.33585958
162,2013-06-12,1279.9636659999842,ft,4199.3558595800005
163,2013-06-13,1279.9789059999844,ft,4199.405859580001
164,2013-06-14,1279.969761999984,ft,4199.37585958
165,2013-06-15,1279.9423299999844,ft,4199.285859580001
166,2013-06-16,1279.933185999984,ft,4199.25585958
167,2013-06-17,1279.933185999984,ft,4199.25585958
168,2013-06-18,1279.917945999984,ft,4199.20585958
169,2013-06-19,1279.975857999984,ft,4199.39585958
170,2013-06-20,1279.908801999984,ft,4199.17585958
171,2013-06-21,1279.936233999984,ft,4199.26585958
172,2013-06-22,1279.8996579999841,ft,4199.14585958
173,2013-06-23,1279.872225999984,ft,4199.05585958
174,2013-06-24,1279.8874659999842,ft,4199.1058595800005
175,2013-06-25,1279.8661299999842,ft,4199.035859580001
176,2013-06-26,1279.8752739999843,ft,4199.0658595800005
177,2013-06-27,1279.872225999984,ft,4199.05585958
178,2013-06-28,1279.8752739999843,ft,4199.0658595800005
179,2013-06-29,1279.8661299999842,ft,4199.035859580001
180,2013-06-30,1279.8447939999842,ft,4198.96585958
181,2013-07-01,1279.8539379999843,ft,4198.995859580001
182,2013-07-02,1279.856985999984,ft,4199.00585958
183,2013-07-03,1279.8539379999843,ft,4198.995859580001
184,2013-07-04,1279.829553999984,ft,4198.91585958
185,2013-07-05,1279.8417459999841,ft,4198.95585958
186,2013-07-06,1279.8143139999843,ft,4198.865859580001
187,2013-07-07,1279.8051699999842,ft,4198.83585958
188,2013-07-08,1279.8204099999841,ft,4198.88585958
189,2013-07-09,1279.8265059999842,ft,4198.905859580001
190,2013-07-10,1279.8204099999841,ft,4198.88585958
191,2013-07-11,1279.8417459999841,ft,4198.95585958
192,2013-07-12,1279.792977999984,ft,4198.79585958
193,2013-07-13,1279.7868819999842,ft,4198.7758595800005
194,2013-07-14,1279.8021219999844,ft,4198.825859580001
195,2013-07-15,1279.8021219999844,ft,4198.825859580001
196,2013-07-16,1279.7442099999842,ft,4198.63585958
197,2013-07-17,1279.7685939999842,ft,4198.71585958
198,2013-07-18,1279.7807859999841,ft,4198.75585958
199,2013-07-19,1279.7807859999841,ft,4198.75585958
200,2013-07-20,1279.7746899999843,ft,4198.735859580001
201,2013-07-21,1279.7685939999842,ft,4198.71585958
202,2013-07-22,1279.765545999984,ft,4198.70585958
203,2013-07-23,1279.7624979999844,ft,4198.695859580001
204,2013-07-24,1279.759449999984,ft,4198.68585958
205,2013-07-25,1279.756401999984,ft,4198.67585958
206,2013-07-26,1279.7411619999841,ft,4198.62585958
207,2013-07-27,1279.7472579999842,ft,4198.64585958
208,2013-07-28,1279.719825999984,ft,4198.55585958
209,2013-07-29,1279.7106819999842,ft,4198.5258595800005
210,2013-07-30,1279.7106819999842,ft,4198.5258595800005
211,2013-07-31,1279.7015379999843,ft,4198.495859580001
212,2013-08-01,1279.7076339999842,ft,4198.51585958
213,2013-08-02,1279.7106819999842,ft,4198.5258595800005
214,2013-08-03,1279.7015379999843,ft,4198.495859580001
215,2013-08-04,1279.680201999984,ft,4198.42585958
216,2013-08-05,1279.6680099999842,ft,4198.38585958
217,2013-08-06,1279.680201999984,ft,4198.42585958
218,2013-08-07,1279.6649619999841,ft,4198.37585958
219,2013-08-08,1279.6375299999843,ft,4198.285859580001
220,2013-08-09,1279.6222899999843,ft,4198.235859580001
221,2013-08-10,1279.619241999984,ft,4198.22585958
222,2013-08-11,1279.6253379999844,ft,4198.245859580001
223,2013-08-12,1279.6070499999842,ft,4198.18585958
224,2013-08-13,1279.6100979999842,ft,4198.195859580001
225,2013-08-14,1279.616193999984,ft,4198.21585958
226,2013-08-15,1279.6100979999842,ft,4198.195859580001
227,2013-08-16,1279.6040019999841,ft,4198.17585958
228,2013-08-17,1279.5918099999842,ft,4198.13585958
229,2013-08-18,1279.5948579999842,ft,4198.14585958
230,2013-08-19,1279.600953999984,ft,4198.16585958
231,2013-08-20,1279.5918099999842,ft,4198.13585958
232,2013-08-21,1279.5948579999842,ft,4198.14585958
233,2013-08-22,1279.582665999984,ft,4198.1058595800005
234,2013-08-23,1279.5491379999844,ft,4197.995859580001
235,2013-08-24,1279.5552339999842,ft,4198.01585958
236,2013-08-25,1279.5674259999842,ft,4198.05585958
237,2013-08-26,1279.5460899999841,ft,4197.985859580001
238,2013-08-27,1279.543041999984,ft,4197.97585958
239,2013-08-28,1279.5460899999841,ft,4197.985859580001
240,2013-08-29,1279.5491379999844,ft,4197.995859580001
241,2013-08-30,1279.5521859999842,ft,4198.00585958
242,2013-08-31,1279.5491379999844,ft,4197.995859580001
243,2013-09-01,1279.543041999984,ft,4197.97585958
244,2013-09-02,1279.5491379999844,ft,4197.995859580001
245,2013-09-03,1279.5613299999843,ft,4198.035859580001
246,2013-09-04,1279.5521859999842,ft,4198.00585958
247,2013-09-05,1279.5491379999844,ft,4197.995859580001
248,2013-09-06,1279.5521859999842,ft,4198.00585958
249,2013-09-07,1279.5308499999842,ft,4197.93585958
250,2013-09-08,1279.512561999984,ft,4197.87585958
251,2013-09-09,1279.543041999984,ft,4197.97585958
252,2013-09-10,1279.5308499999842,ft,4197.93585958
253,2013-09-11,1279.500369999984,ft,4197.83585958
254,2013-09-12,1279.500369999984,ft,4197.83585958
255,2013-09-13,1279.512561999984,ft,4197.87585958
256,2013-09-14,1279.5156099999842,ft,4197.88585958
257,2013-09-15,1279.5156099999842,ft,4197.88585958
258,2013-09-16,1279.5064659999841,ft,4197.8558595800005
259,2013-09-17,1279.5156099999842,ft,4197.88585958
260,2013-09-18,1279.543041999984,ft,4197.97585958
261,2013-09-19,1279.512561999984,ft,4197.87585958
262,2013-09-20,1279.5064659999841,ft,4197.8558595800005
263,2013-09-21,1279.4820819999843,ft,4197.7758595800005
264,2013-09-22,1279.536945999984,ft,4197.95585958
265,2013-09-23,1279.4790339999843,ft,4197.76585958
266,2013-09-24,1279.4790339999843,ft,4197.76585958
267,2013-09-25,1279.5064659999841,ft,4197.8558595800005
268,2013-09-26,1279.460745999984,ft,4197.70585958
269,2013-09-27,1279.4668419999841,ft,4197.72585958
270,2013-09-28,1279.4333139999842,ft,4197.615859580001
271,2013-09-29,1279.436361999984,ft,4197.62585958
272,2013-09-30,1279.4546499999842,ft,4197.68585958
273,2013-10-01,1279.4485539999841,ft,4197.66585958
274,2013-10-02,1279.460745999984,ft,4197.70585958
275,2013-10-03,1279.500369999984,ft,4197.83585958
276,2013-10-04,1279.460745999984,ft,4197.70585958
277,2013-10-05,1279.4211219999843,ft,4197.575859580001
278,2013-10-06,1279.4211219999843,ft,4197.575859580001
279,2013-10-07,1279.4211219999843,ft,4197.575859580001
280,2013-10-08,1279.4333139999842,ft,4197.615859580001
281,2013-10-09,1279.4272179999841,ft,4197.59585958
282,2013-10-10,1279.424169999984,ft,4197.58585958
283,2013-10-11,1279.4089299999844,ft,4197.535859580001
284,2013-10-12,1279.402833999984,ft,4197.51585958
285,2013-10-13,1279.4424579999843,ft,4197.64585958
286,2013-10-14,1279.4333139999842,ft,4197.615859580001
287,2013-10-15,1279.4211219999843,ft,4197.575859580001
288,2013-10-16,1279.402833999984,ft,4197.51585958
289,2013-10-17,1279.4058819999843,ft,4197.5258595800005
290,2013-10-18,1279.4089299999844,ft,4197.535859580001
291,2013-10-19,1279.3906419999842,ft,4197.47585958
292,2013-10-20,1279.399785999984,ft,4197.50585958
293,2013-10-21,1279.399785999984,ft,4197.50585958
294,2013-10-22,1279.3936899999842,ft,4197.485859580001
295,2013-10-23,1279.3936899999842,ft,4197.485859580001
296,2013-10-24,1279.3936899999842,ft,4197.485859580001
297,2013-10-25,1279.3936899999842,ft,4197.485859580001
298,2013-10-26,1279.3936899999842,ft,4197.485859580001
299,2013-10-27,1279.3875939999841,ft,4197.46585958
300,2013-10-28,1279.372353999984,ft,4197.41585958
301,2013-10-29,1279.3967379999842,ft,4197.495859580001
302,2013-10-30,1279.402833999984,ft,4197.51585958
303,2013-10-31,1279.4089299999844,ft,4197.535859580001
304,2013-11-01,1279.399785999984,ft,4197.50585958
305,2013-11-02,1279.384545999984,ft,4197.45585958
306,2013-11-03,1279.4272179999841,ft,4197.59585958
307,2013-11-04,1279.3875939999841,ft,4197.46585958
308,2013-11-05,1279.3784499999842,ft,4197.43585958
309,2013-11-06,1279.366257999984,ft,4197.39585958
310,2013-11-07,1279.3693059999844,ft,4197.405859580001
311,2013-11-08,1279.3754019999842,ft,4197.42585958
312,2013-11-09,1279.3784499999842,ft,4197.43585958
313,2013-11-10,1279.3754019999842,ft,4197.42585958
314,2013-11-11,1279.3754019999842,ft,4197.42585958
315,2013-11-12,1279.372353999984,ft,4197.41585958
316,2013-11-13,1279.3784499999842,ft,4197.43585958
317,2013-11-14,1279.372353999984,ft,4197.41585958
318,2013-11-15,1279.3906419999842,ft,4197.47585958
319,2013-11-16,1279.384545999984,ft,4197.45585958
320,2013-11-17,1279.366257999984,ft,4197.39585958
321,2013-11-18,1279.366257999984,ft,4197.39585958
322,2013-11-19,1279.363209999984,ft,4197.38585958
323,2013-11-20,1279.3754019999842,ft,4197.42585958
324,2013-11-21,1279.4485539999841,ft,4197.66585958
325,2013-11-22,1279.3693059999844,ft,4197.405859580001
326,2013-11-23,1279.3540659999842,ft,4197.3558595800005
327,2013-11-24,1279.363209999984,ft,4197.38585958
328,2013-11-25,1279.360161999984,ft,4197.37585958
329,2013-11-26,1279.360161999984,ft,4197.37585958
330,2013-11-27,1279.360161999984,ft,4197.37585958
331,2013-11-28,1279.360161999984,ft,4197.37585958
332,2013-11-29,1279.360161999984,ft,4197.37585958
333,2013-11-30,1279.360161999984,ft,4197.37585958
334,2013-12-01,1279.3540659999842,ft,4197.3558595800005
335,2013-12-02,1279.3693059999844,ft,4197.405859580001
336,2013-12-03,1279.3906419999842,ft,4197.47585958
337,2013-12-04,1279.3814979999843,ft,4197.445859580001
338,2013-12-05,1279.3388259999842,ft,4197.30585958
339,2013-12-06,1279.3449219999843,ft,4197.325859580001
340,2013-12-07,1279.366257999984,ft,4197.39585958
341,2013-12-08,1279.363209999984,ft,4197.38585958
342,2013-12-09,1279.3449219999843,ft,4197.325859580001
343,2013-12-10,1279.3388259999842,ft,4197.30585958
344,2013-12-11,1279.335777999984,ft,4197.29585958
345,2013-12-12,1279.3327299999844,ft,4197.285859580001
346,2013-12-13,1279.335777999984,ft,4197.29585958
347,2013-12-14,1279.3296819999841,ft,4197.2758595800005
348,2013-12-15,1279.3296819999841,ft,4197.2758595800005
349,2013-12-16,1279.3296819999841,ft,4197.2758595800005
350,2013-12-17,1279.3296819999841,ft,4197.2758595800005
351,2013-12-18,1279.3296819999841,ft,4197.2758595800005
352,2013-12-19,1279.399785999984,ft,4197.50585958
353,2013-12-20,1279.3814979999843,ft,4197.445859580001
354,2013-12-21,1279.360161999984,ft,4197.37585958
355,2013-12-22,1279.360161999984,ft,4197.37585958
356,2013-12-23,1279.360161999984,ft,4197.37585958
357,2013-12-24,1279.366257999984,ft,4197.39585958
358,2013-12-25,1279.360161999984,ft,4197.37585958
359,2013-12-26,1279.360161999984,ft,4197.37585958
360,2013-12-27,1279.360161999984,ft,4197.37585958
361,2013-12-28,1279.3693059999844,ft,4197.405859580001
362,2013-12-29,1279.363209999984,ft,4197.38585958
363,2013-12-30,1279.360161999984,ft,4197.37585958
364,2013-12-31,1279.360161999984,ft,4197.37585958
365,2014-01-01,1279.360161999984,ft,4197.37585958
366,2014-01-02,1279.360161999984,ft,4197.37585958
367,2014-01-03,1279.366257999984,ft,4197.39585958
368,2014-01-04,1279.3906419999842,ft,4197.47585958
369,2014-01-05,1279.3784499999842,ft,4197.43585958
370,2014-01-06,1279.366257999984,ft,4197.39585958
371,2014-01-07,1279.366257999984,ft,4197.39585958
372,2014-01-08,1279.3693059999844,ft,4197.405859580001
373,2014-01-09,1279.3784499999842,ft,4197.43585958
374,2014-01-10,1279.3754019999842,ft,4197.42585958
375,2014-01-11,1279.3754019999842,ft,4197.42585958
376,2014-01-12,1279.4150259999842,ft,4197.55585958
377,2014-01-13,1279.3814979999843,ft,4197.445859580001
378,2014-01-14,1279.3875939999841,ft,4197.46585958
379,2014-01-15,1279.3906419999842,ft,4197.47585958
380,2014-01-16,1279.3875939999841,ft,4197.46585958
381,2014-01-17,1279.3906419999842,ft,4197.47585958
382,2014-01-18,1279.3875939999841,ft,4197.46585958
383,2014-01-19,1279.3906419999842,ft,4197.47585958
384,2014-01-20,1279.3906419999842,ft,4197.47585958
385,2014-01-21,1279.3906419999842,ft,4197.47585958
386,2014-01-22,1279.3936899999842,ft,4197.485859580001
387,2014-01-23,1279.402833999984,ft,4197.51585958
388,2014-01-24,1279.3906419999842,ft,4197.47585958
389,2014-01-25,1279.3906419999842,ft,4197.47585958
390,2014-01-26,1279.3906419999842,ft,4197.47585958
391,2014-01-27,1279.3967379999842,ft,4197.495859580001
392,2014-01-28,1279.3967379999842,ft,4197.495859580001
393,2014-01-29,1279.3936899999842,ft,4197.485859580001
394,2014-01-30,1279.3936899999842,ft,4197.485859580001
395,2014-01-31,1279.4150259999842,ft,4197.55585958
396,2014-02-01,1279.4150259999842,ft,4197.55585958
397,2014-02-02,1279.399785999984,ft,4197.50585958
398,2014-02-03,1279.402833999984,ft,4197.51585958
399,2014-02-04,1279.4150259999842,ft,4197.55585958
400,2014-02-05,1279.4150259999842,ft,4197.55585958
401,2014-02-06,1279.4211219999843,ft,4197.575859580001
402,2014-02-07,1279.4150259999842,ft,4197.55585958
403,2014-02-08,1279.424169999984,ft,4197.58585958
404,2014-02-09,1279.424169999984,ft,4197.58585958
405,2014-02-10,1279.4272179999841,ft,4197.59585958
406,2014-02-11,1279.4211219999843,ft,4197.575859580001
407,2014-02-12,1279.4180739999842,ft,4197.5658595800005
408,2014-02-13,1279.4333139999842,ft,4197.615859580001
409,2014-02-14,1279.4302659999842,ft,4197.6058595800005
410,2014-02-15,1279.4485539999841,ft,4197.66585958
411,2014-02-16,1279.4729379999842,ft,4197.745859580001
412,2014-02-17,1279.439409999984,ft,4197.63585958
413,2014-02-18,1279.4455059999843,ft,4197.655859580001
414,2014-02-19,1279.512561999984,ft,4197.87585958
415,2014-02-20,1279.463793999984,ft,4197.71585958
416,2014-02-21,1279.4516019999842,ft,4197.67585958
417,2014-02-22,1279.4516019999842,ft,4197.67585958
418,2014-02-23,1279.4516019999842,ft,4197.67585958
419,2014-02-24,1279.4516019999842,ft,4197.67585958
420,2014-02-25,1279.4516019999842,ft,4197.67585958
421,2014-02-26,1279.4546499999842,ft,4197.68585958
422,2014-02-27,1279.460745999984,ft,4197.70585958
423,2014-02-28,1279.4576979999842,ft,4197.695859580001
424,2014-03-01,1279.4851299999843,ft,4197.785859580001
425,2014-03-02,1279.4790339999843,ft,4197.76585958
426,2014-03-03,1279.4851299999843,ft,4197.785859580001
427,2014-03-04,1279.4912259999842,ft,4197.80585958
428,2014-03-05,1279.4942739999842,ft,4197.8158595800005
429,2014-03-06,1279.503417999984,ft,4197.84585958
430,2014-03-07,1279.5217059999843,ft,4197.905859580001
431,2014-03-08,1279.5247539999841,ft,4197.91585958
432,2014-03-09,1279.5186579999843,ft,4197.89585958
433,2014-03-10,1279.5491379999844,ft,4197.995859580001
434,2014-03-11,1279.5552339999842,ft,4198.01585958
435,2014-03-12,1279.5186579999843,ft,4197.89585958
436,2014-03-13,1279.512561999984,ft,4197.87585958
437,2014-03-14,1279.5247539999841,ft,4197.91585958
438,2014-03-15,1279.5460899999841,ft,4197.985859580001
439,2014-03-16,1279.5095139999842,ft,4197.865859580001
440,2014-03-17,1279.6862979999842,ft,4198.445859580001
441,2014-03-18,1279.539993999984,ft,4197.96585958
442,2014-03-19,1279.5186579999843,ft,4197.89585958
443,2014-03-20,1279.5217059999843,ft,4197.905859580001
444,2014-03-21,1279.536945999984,ft,4197.95585958
445,2014-03-22,1279.5613299999843,ft,4198.035859580001
446,2014-03-23,1279.5156099999842,ft,4197.88585958
447,2014-03-24,1279.5186579999843,ft,4197.89585958
448,2014-03-25,1279.512561999984,ft,4197.87585958
449,2014-03-26,1279.5308499999842,ft,4197.93585958
450,2014-03-27,1279.5582819999843,ft,4198.0258595800005
451,2014-03-28,1279.5217059999843,ft,4197.905859580001
452,2014-03-29,1279.5186579999843,ft,4197.89585958
453,2014-03-30,1279.5918099999842,ft,4198.13585958
454,2014-03-31,1279.536945999984,ft,4197.95585958
455,2014-04-01,1279.5338979999842,ft,4197.945859580001
456,2014-04-02,1279.5491379999844,ft,4197.995859580001
457,2014-04-03,1279.543041999984,ft,4197.97585958
458,2014-04-04,1279.5308499999842,ft,4197.93585958
459,2014-04-05,1279.5552339999842,ft,4198.01585958
460,2014-04-06,1279.5643779999841,ft,4198.04585958
461,2014-04-07,1279.5521859999842,ft,4198.00585958
462,2014-04-08,1279.543041999984,ft,4197.97585958
463,2014-04-09,1279.5491379999844,ft,4197.995859580001
464,2014-04-10,1279.5491379999844,ft,4197.995859580001
465,2014-04-11,1279.5491379999844,ft,4197.995859580001
466,2014-04-12,1279.5613299999843,ft,4198.035859580001
467,2014-04-13,1279.6497219999842,ft,4198.325859580001
468,2014-04-14,1279.582665999984,ft,4198.1058595800005
469,2014-04-15,1279.582665999984,ft,4198.1058595800005
470,2014-04-16,1279.582665999984,ft,4198.1058595800005
471,2014-04-17,1279.5643779999841,ft,4198.04585958
472,2014-04-18,1279.579617999984,ft,4198.09585958
473,2014-04-19,1279.5704739999842,ft,4198.0658595800005
474,2014-04-20,1279.579617999984,ft,4198.09585958
475,2014-04-21,1279.5735219999842,ft,4198.075859580001
476,2014-04-22,1279.5735219999842,ft,4198.075859580001
477,2014-04-23,1279.5735219999842,ft,4198.075859580001
478,2014-04-24,1279.512561999984,ft,4197.87585958
479,2014-04-25,1279.543041999984,ft,4197.97585958
480,2014-04-26,1279.5735219999842,ft,4198.075859580001
481,2014-04-27,1279.5857139999844,ft,4198.115859580001
482,2014-04-28,1279.576569999984,ft,4198.08585958
483,2014-04-29,1279.5674259999842,ft,4198.05585958
484,2014-04-30,1279.5674259999842,ft,4198.05585958
485,2014-05-01,1279.543041999984,ft,4197.97585958
486,2014-05-02,1279.5278019999841,ft,4197.92585958
487,2014-05-03,1279.503417999984,ft,4197.84585958
488,2014-05-04,1279.5095139999842,ft,4197.865859580001
489,2014-05-05,1279.5156099999842,ft,4197.88585958
490,2014-05-06,1279.5582819999843,ft,4198.0258595800005
491,2014-05-07,1279.5278019999841,ft,4197.92585958
492,2014-05-08,1279.512561999984,ft,4197.87585958
493,2014-05-09,1279.5278019999841,ft,4197.92585958
494,2014-05-10,1279.536945999984,ft,4197.95585958
495,2014-05-11,1279.613145999984,ft,4198.20585958
496,2014-05-12,1279.4912259999842,ft,4197.80585958
497,2014-05-13,1279.4942739999842,ft,4197.8158595800005
498,2014-05-14,1279.4851299999843,ft,4197.785859580001
499,2014-05-15,1279.4942739999842,ft,4197.8158595800005
500,2014-05-16,1279.4942739999842,ft,4197.8158595800005
501,2014-05-17,1279.4973219999843,ft,4197.825859580001
502,2014-05-18,1279.512561999984,ft,4197.87585958
503,2014-05-19,1279.5095139999842,ft,4197.865859580001
504,2014-05-20,1279.5064659999841,ft,4197.8558595800005
505,2014-05-21,1279.4942739999842,ft,4197.8158595800005
506,2014-05-22,1279.500369999984,ft,4197.83585958
507,2014-05-23,1279.4698899999842,ft,4197.735859580001
508,2014-05-24,1279.4546499999842,ft,4197.68585958
509,2014-05-25,1279.4820819999843,ft,4197.7758595800005
510,2014-05-26,1279.463793999984,ft,4197.71585958
511,2014-05-27,1279.475985999984,ft,4197.75585958
512,2014-05-28,1279.4851299999843,ft,4197.785859580001
513,2014-05-29,1279.536945999984,ft,4197.95585958
514,2014-05-30,1279.4729379999842,ft,4197.745859580001
515,2014-05-31,1279.4576979999842,ft,4197.695859580001
516,2014-06-01,1279.463793999984,ft,4197.71585958
517,2014-06-02,1279.4516019999842,ft,4197.67585958
518,2014-06-03,1279.4455059999843,ft,4197.655859580001
519,2014-06-04,1279.4546499999842,ft,4197.68585958
520,2014-06-05,1279.4455059999843,ft,4197.655859580001
521,2014-06-06,1279.4455059999843,ft,4197.655859580001
522,2014-06-07,1279.439409999984,ft,4197.63585958
523,2014-06-08,1279.439409999984,ft,4197.63585958
524,2014-06-09,1279.399785999984,ft,4197.50585958
525,2014-06-10,1279.424169999984,ft,4197.58585958
526,2014-06-11,1279.4150259999842,ft,4197.55585958
527,2014-06-12,1279.3936899999842,ft,4197.485859580001
528,2014-06-13,1279.4211219999843,ft,4197.575859580001
529,2014-06-14,1279.399785999984,ft,4197.50585958
530,2014-06-15,1279.3814979999843,ft,4197.445859580001
531,2014-06-16,1279.3784499999842,ft,4197.43585958
532,2014-06-17,1279.384545999984,ft,4197.45585958
533,2014-06-18,1279.366257999984,ft,4197.39585958
534,2014-06-19,1279.3571139999842,ft,4197.365859580001
535,2014-06-20,1279.366257999984,ft,4197.39585958
536,2014-06-21,1279.372353999984,ft,4197.41585958
537,2014-06-22,1279.3693059999844,ft,4197.405859580001
538,2014-06-23,1279.3693059999844,ft,4197.405859580001
539,2014-06-24,1279.363209999984,ft,4197.38585958
540,2014-06-25,1279.363209999984,ft,4197.38585958
541,2014-06-26,1279.366257999984,ft,4197.39585958
542,2014-06-27,1279.3540659999842,ft,4197.3558595800005
543,2014-06-28,1279.3479699999841,ft,4197.33585958
544,2014-06-29,1279.3479699999841,ft,4197.33585958
545,2014-06-30,1279.3449219999843,ft,4197.325859580001
546,2014-07-01,1279.3296819999841,ft,4197.2758595800005
547,2014-07-02,1279.3296819999841,ft,4197.2758595800005
548,2014-07-03,1279.3174899999842,ft,4197.235859580001
549,2014-07-04,1279.3144419999842,ft,4197.22585958
550,2014-07-05,1279.3113939999841,ft,4197.21585958
551,2014-07-06,1279.3174899999842,ft,4197.235859580001
552,2014-07-07,1279.3174899999842,ft,4197.235859580001
553,2014-07-08,1279.3144419999842,ft,4197.22585958
554,2014-07-09,1279.2809139999843,ft,4197.115859580001
555,2014-07-10,1279.296153999984,ft,4197.16585958
556,2014-07-11,1279.2809139999843,ft,4197.115859580001
557,2014-07-12,1279.296153999984,ft,4197.16585958
558,2014-07-13,1279.2900579999841,ft,4197.14585958
559,2014-07-14,1279.299201999984,ft,4197.17585958
560,2014-07-15,1279.3144419999842,ft,4197.22585958
561,2014-07-16,1279.3174899999842,ft,4197.235859580001
562,2014-07-17,1279.2931059999842,ft,4197.155859580001
563,2014-07-18,1279.283961999984,ft,4197.12585958
564,2014-07-19,1279.287009999984,ft,4197.13585958
565,2014-07-20,1279.2748179999842,ft,4197.09585958
566,2014-07-21,1279.2748179999842,ft,4197.09585958
567,2014-07-22,1279.2778659999842,ft,4197.1058595800005
568,2014-07-23,1279.259577999984,ft,4197.04585958
569,2014-07-24,1279.2900579999841,ft,4197.14585958
570,2014-07-25,1279.2778659999842,ft,4197.1058595800005
571,2014-07-26,1279.2565299999842,ft,4197.035859580001
572,2014-07-27,1279.2443379999843,ft,4196.995859580001
573,2014-07-28,1279.2169059999842,ft,4196.905859580001
574,2014-07-29,1279.2382419999842,ft,4196.97585958
575,2014-07-30,1279.2290979999843,ft,4196.945859580001
576,2014-07-31,1279.2351939999842,ft,4196.96585958
577,2014-08-01,1279.2351939999842,ft,4196.96585958
578,2014-08-02,1279.2260499999843,ft,4196.93585958
579,2014-08-03,1279.1955699999842,ft,4196.83585958
580,2014-08-04,1279.2138579999842,ft,4196.89585958
581,2014-08-05,1279.207761999984,ft,4196.87585958
582,2014-08-06,1279.2290979999843,ft,4196.945859580001
583,2014-08-07,1279.207761999984,ft,4196.87585958
584,2014-08-08,1279.2108099999841,ft,4196.88585958
585,2014-08-09,1279.2047139999843,ft,4196.865859580001
586,2014-08-10,1279.2108099999841,ft,4196.88585958
587,2014-08-11,1279.1986179999842,ft,4196.84585958
588,2014-08-12,1279.1803299999842,ft,4196.785859580001
589,2014-08-13,1279.1742339999842,ft,4196.76585958
590,2014-08-14,1279.1803299999842,ft,4196.785859580001
591,2014-08-15,1279.1742339999842,ft,4196.76585958
592,2014-08-16,1279.149849999984,ft,4196.68585958
593,2014-08-17,1279.1528979999844,ft,4196.695859580001
594,2014-08-18,1279.1346099999841,ft,4196.63585958
595,2014-08-19,1279.0919379999843,ft,4196.495859580001
596,2014-08-20,1279.110225999984,ft,4196.55585958
597,2014-08-21,1279.119369999984,ft,4196.58585958
598,2014-08-22,1279.1224179999842,ft,4196.59585958
599,2014-08-23,1279.1315619999841,ft,4196.62585958
600,2014-08-24,1279.119369999984,ft,4196.58585958
601,2014-08-25,1279.1285139999843,ft,4196.615859580001
602,2014-08-26,1279.1041299999843,ft,4196.535859580001
603,2014-08-27,1279.1010819999842,ft,4196.5258595800005
604,2014-08-28,1279.0858419999843,ft,4196.47585958
605,2014-08-29,1279.0858419999843,ft,4196.47585958
606,2014-08-30,1279.0980339999842,ft,4196.51585958
607,2014-08-31,1279.1041299999843,ft,4196.535859580001
608,2014-09-01,1279.0888899999843,ft,4196.485859580001
609,2014-09-02,1279.082793999984,ft,4196.46585958
610,2014-09-03,1279.1010819999842,ft,4196.5258595800005
611,2014-09-04,1279.1041299999843,ft,4196.535859580001
612,2014-09-05,1279.067553999984,ft,4196.41585958
613,2014-09-06,1279.0553619999841,ft,4196.37585958
614,2014-09-07,1279.043169999984,ft,4196.33585958
615,2014-09-08,1279.0248819999842,ft,4196.2758595800005
616,2014-09-09,1279.030977999984,ft,4196.29585958
617,2014-09-10,1279.0523139999843,ft,4196.365859580001
618,2014-09-11,1279.0736499999841,ft,4196.43585958
619,2014-09-12,1279.0584099999842,ft,4196.38585958
620,2014-09-13,1279.046217999984,ft,4196.34585958
621,2014-09-14,1279.0492659999843,ft,4196.3558595800005
622,2014-09-15,1279.046217999984,ft,4196.34585958
623,2014-09-16,1279.0401219999842,ft,4196.325859580001
624,2014-09-17,1279.0340259999841,ft,4196.30585958
625,2014-09-18,1279.043169999984,ft,4196.33585958
626,2014-09-19,1279.0492659999843,ft,4196.3558595800005
627,2014-09-20,1279.0523139999843,ft,4196.365859580001
628,2014-09-21,1279.0370739999842,ft,4196.3158595800005
629,2014-09-22,1279.0340259999841,ft,4196.30585958
630,2014-09-23,1279.0279299999843,ft,4196.285859580001
631,2014-09-24,1279.0218339999842,ft,4196.26585958
632,2014-09-25,1279.003545999984,ft,4196.20585958
633,2014-09-26,1279.0157379999844,ft,4196.245859580001
634,2014-09-27,1278.9852579999842,ft,4196.14585958
635,2014-09-28,1279.0553619999841,ft,4196.37585958
636,2014-09-29,1279.070601999984,ft,4196.42585958
637,2014-09-30,1279.079745999984,ft,4196.45585958
638,2014-10-01,1279.082793999984,ft,4196.46585958
639,2014-10-02,1279.0645059999842,ft,4196.405859580001
640,2014-10-03,1279.0645059999842,ft,4196.405859580001
641,2014-10-04,1279.0553619999841,ft,4196.37585958
642,2014-10-05,1279.030977999984,ft,4196.29585958
643,2014-10-06,1279.0279299999843,ft,4196.285859580001
644,2014-10-07,1279.0279299999843,ft,4196.285859580001
645,2014-10-08,1279.0248819999842,ft,4196.2758595800005
646,2014-10-09,1279.0370739999842,ft,4196.3158595800005
647,2014-10-10,1279.046217999984,ft,4196.34585958
648,2014-10-11,1279.0340259999841,ft,4196.30585958
649,2014-10-12,1279.067553999984,ft,4196.41585958
650,2014-10-13,1279.0187859999842,ft,4196.25585958
651,2014-10-14,1279.0126899999843,ft,4196.235859580001
652,2014-10-15,1279.0218339999842,ft,4196.26585958
653,2014-10-16,1279.0218339999842,ft,4196.26585958
654,2014-10-17,1279.0187859999842,ft,4196.25585958
655,2014-10-18,1279.0187859999842,ft,4196.25585958
656,2014-10-19,1279.0126899999843,ft,4196.235859580001
657,2014-10-20,1279.009641999984,ft,4196.22585958
658,2014-10-21,1279.006593999984,ft,4196.21585958
659,2014-10-22,1279.003545999984,ft,4196.20585958
660,2014-10-23,1278.9974499999842,ft,4196.18585958
661,2014-10-24,1279.0004979999842,ft,4196.195859580001
662,2014-10-25,1278.9761139999844,ft,4196.115859580001
663,2014-10-26,1279.009641999984,ft,4196.22585958
664,2014-10-27,1278.9974499999842,ft,4196.18585958
665,2014-10-28,1278.9822099999842,ft,4196.13585958
666,2014-10-29,1278.9822099999842,ft,4196.13585958
667,2014-10-30,1278.9822099999842,ft,4196.13585958
668,2014-10-31,1278.9791619999842,ft,4196.12585958
669,2014-11-01,1278.9486819999843,ft,4196.0258595800005
670,2014-11-02,1278.991353999984,ft,4196.16585958
671,2014-11-03,1278.973065999984,ft,4196.1058595800005
672,2014-11-04,1278.9608739999842,ft,4196.0658595800005
673,2014-11-05,1278.966969999984,ft,4196.08585958
674,2014-11-06,1278.9639219999842,ft,4196.075859580001
675,2014-11-07,1278.973065999984,ft,4196.1058595800005
676,2014-11-08,1278.966969999984,ft,4196.08585958
677,2014-11-09,1278.9639219999842,ft,4196.075859580001
678,2014-11-10,1278.991353999984,ft,4196.16585958
679,2014-11-11,1278.991353999984,ft,4196.16585958
680,2014-11-12,1278.9974499999842,ft,4196.18585958
681,2014-11-13,1278.9456339999842,ft,4196.01585958
682,2014-11-14,1278.9456339999842,ft,4196.01585958
683,2014-11-15,1279.0004979999842,ft,4196.195859580001
684,2014-11-16,1278.9639219999842,ft,4196.075859580001
685,2014-11-17,1278.933441999984,ft,4195.97585958
686,2014-11-18,1278.933441999984,ft,4195.97585958
687,2014-11-19,1278.933441999984,ft,4195.97585958
688,2014-11-20,1278.933441999984,ft,4195.97585958
689,2014-11-21,1278.933441999984,ft,4195.97585958
690,2014-11-22,1278.9364899999841,ft,4195.985859580001
691,2014-11-23,1278.973065999984,ft,4196.1058595800005
692,2014-11-24,1278.933441999984,ft,4195.97585958
693,2014-11-25,1278.927345999984,ft,4195.95585958
694,2014-11-26,1278.930393999984,ft,4195.96585958
695,2014-11-27,1278.933441999984,ft,4195.97585958
696,2014-11-28,1278.9364899999841,ft,4195.985859580001
697,2014-11-29,1278.933441999984,ft,4195.97585958
698,2014-11-30,1278.9578259999842,ft,4196.05585958
699,2014-12-01,1278.930393999984,ft,4195.96585958
700,2014-12-02,1278.933441999984,ft,4195.97585958
701,2014-12-03,1278.930393999984,ft,4195.96585958
702,2014-12-04,1278.933441999984,ft,4195.97585958
703,2014-12-05,1278.933441999984,ft,4195.97585958
704,2014-12-06,1278.930393999984,ft,4195.96585958
705,2014-12-07,1278.933441999984,ft,4195.97585958
706,2014-12-08,1278.933441999984,ft,4195.97585958
707,2014-12-09,1278.933441999984,ft,4195.97585958
708,2014-12-10,1278.933441999984,ft,4195.97585958
709,2014-12-11,1278.927345999984,ft,4195.95585958
710,2014-12-12,1278.9090579999843,ft,4195.89585958
711,2014-12-13,1278.9395379999844,ft,4195.995859580001
712,2014-12-14,1278.9395379999844,ft,4195.995859580001
713,2014-12-15,1278.930393999984,ft,4195.96585958
714,2014-12-16,1278.9395379999844,ft,4195.995859580001
715,2014-12-17,1278.9364899999841,ft,4195.985859580001
716,2014-12-18,1278.933441999984,ft,4195.97585958
717,2014-12-19,1278.930393999984,ft,4195.96585958
718,2014-12-20,1278.9242979999842,ft,4195.945859580001
719,2014-12-21,1278.9456339999842,ft,4196.01585958
720,2014-12-22,1278.9791619999842,ft,4196.12585958
721,2014-12-23,1278.9456339999842,ft,4196.01585958
722,2014-12-24,1278.9364899999841,ft,4195.985859580001
723,2014-12-25,1278.970017999984,ft,4196.09585958
724,2014-12-26,1278.973065999984,ft,4196.1058595800005
725,2014-12-27,1278.930393999984,ft,4195.96585958
726,2014-12-28,1278.9212499999842,ft,4195.93585958
727,2014-12-29,1278.9212499999842,ft,4195.93585958
728,2014-12-30,1278.9395379999844,ft,4195.995859580001
729,2014-12-31,1278.970017999984,ft,4196.09585958
730,2015-01-01,1278.9578259999842,ft,4196.05585958
731,2015-01-02,1278.933441999984,ft,4195.97585958
732,2015-01-03,1278.933441999984,ft,4195.97585958
733,2015-01-04,1278.9242979999842,ft,4195.945859580001
734,2015-01-05,1278.9212499999842,ft,4195.93585958
735,2015-01-06,1278.927345999984,ft,4195.95585958
736,2015-01-07,1278.927345999984,ft,4195.95585958
737,2015-01-08,1278.927345999984,ft,4195.95585958
738,2015-01-09,1278.930393999984,ft,4195.96585958
739,2015-01-10,1278.930393999984,ft,4195.96585958
740,2015-01-11,1278.927345999984,ft,4195.95585958
741,2015-01-12,1278.9364899999841,ft,4195.985859580001
742,2015-01-13,1279.006593999984,ft,4196.21585958
743,2015-01-14,1278.9639219999842,ft,4196.075859580001
744,2015-01-15,1278.9486819999843,ft,4196.0258595800005
745,2015-01-16,1278.9395379999844,ft,4195.995859580001
746,2015-01-17,1278.9395379999844,ft,4195.995859580001
747,2015-01-18,1278.9425859999842,ft,4196.00585958
748,2015-01-19,1278.9486819999843,ft,4196.0258595800005
749,2015-01-20,1278.9608739999842,ft,4196.0658595800005
750,2015-01-21,1278.973065999984,ft,4196.1058595800005
751,2015-01-22,1278.9517299999843,ft,4196.035859580001
752,2015-01-23,1278.9547779999841,ft,4196.04585958
753,2015-01-24,1278.9456339999842,ft,4196.01585958
754,2015-01-25,1278.9486819999843,ft,4196.0258595800005
755,2015-01-26,1278.9456339999842,ft,4196.01585958
756,2015-01-27,1278.9456339999842,ft,4196.01585958
757,2015-01-28,1278.9517299999843,ft,4196.035859580001
758,2015-01-29,1278.9608739999842,ft,4196.0658595800005
759,2015-01-30,1278.9761139999844,ft,4196.115859580001
760,2015-01-31,1278.9944019999841,ft,4196.17585958
761,2015-02-01,1278.9517299999843,ft,4196.035859580001
762,2015-02-02,1278.9486819999843,ft,4196.0258595800005
763,2015-02-03,1278.9517299999843,ft,4196.035859580001
764,2015-02-04,1278.9486819999843,ft,4196.0258595800005
765,2015-02-05,1278.9547779999841,ft,4196.04585958
766,2015-02-06,1278.9395379999844,ft,4195.995859580001
767,2015-02-07,1278.9395379999844,ft,4195.995859580001
768,2015-02-08,1278.9517299999843,ft,4196.035859580001
769,2015-02-09,1278.9486819999843,ft,4196.0258595800005
770,2015-02-10,1278.9608739999842,ft,4196.0658595800005
771,2015-02-11,1278.9578259999842,ft,4196.05585958
772,2015-02-12,1278.9578259999842,ft,4196.05585958
773,2015-02-13,1278.9608739999842,ft,4196.0658595800005
774,2015-02-14,1278.9608739999842,ft,4196.0658595800005
775,2015-02-15,1278.970017999984,ft,4196.09585958
776,2015-02-16,1278.9822099999842,ft,4196.13585958
777,2015-02-17,1278.9578259999842,ft,4196.05585958
778,2015-02-18,1278.9608739999842,ft,4196.0658595800005
779,2015-02-19,1278.9547779999841,ft,4196.04585958
780,2015-02-20,1278.9639219999842,ft,4196.075859580001
781,2015-02-21,1278.9639219999842,ft,4196.075859580001
782,2015-02-22,1278.973065999984,ft,4196.1058595800005
783,2015-02-23,1278.9517299999843,ft,4196.035859580001
784,2015-02-24,1278.9547779999841,ft,4196.04585958
785,2015-02-25,1278.9425859999842,ft,4196.00585958
786,2015-02-26,1278.9486819999843,ft,4196.0258595800005
787,2015-02-27,1278.9364899999841,ft,4195.985859580001
788,2015-02-28,1278.9364899999841,ft,4195.985859580001
789,2015-03-01,1278.9517299999843,ft,4196.035859580001
790,2015-03-02,1278.9456339999842,ft,4196.01585958
791,2015-03-03,1278.9608739999842,ft,4196.0658595800005
792,2015-03-04,1278.9517299999843,ft,4196.035859580001
793,2015-03-05,1278.9364899999841,ft,4195.985859580001
794,2015-03-06,1278.9425859999842,ft,4196.00585958
795,2015-03-07,1278.9456339999842,ft,4196.01585958
796,2015-03-08,1278.9486819999843,ft,4196.0258595800005
797,2015-03-09,1278.9456339999842,ft,4196.01585958
798,2015-03-10,1278.9456339999842,ft,4196.01585958
799,2015-03-11,1278.9456339999842,ft,4196.01585958
800,2015-03-12,1278.9517299999843,ft,4196.035859580001
801,2015-03-13,1278.9578259999842,ft,4196.05585958
802,2015-03-14,1278.9456339999842,ft,4196.01585958
803,2015-03-15,1278.9425859999842,ft,4196.00585958
804,2015-03-16,1278.9517299999843,ft,4196.035859580001
805,2015-03-17,1278.9547779999841,ft,4196.04585958
806,2015-03-18,1278.9639219999842,ft,4196.075859580001
807,2015-03-19,1278.9639219999842,ft,4196.075859580001
808,2015-03-20,1278.9456339999842,ft,4196.01585958
809,2015-03-21,1278.9517299999843,ft,4196.035859580001
810,2015-03-22,1278.9517299999843,ft,4196.035859580001
811,2015-03-23,1278.9639219999842,ft,4196.075859580001
812,2015-03-24,1278.9547779999841,ft,4196.04585958
813,2015-03-25,1278.9486819999843,ft,4196.0258595800005
814,2015-03-26,1278.9395379999844,ft,4195.995859580001
815,2015-03-27,1278.933441999984,ft,4195.97585958
816,2015-03-28,1278.9425859999842,ft,4196.00585958
817,2015-03-29,1278.9486819999843,ft,4196.0258595800005
818,2015-03-30,1278.9395379999844,ft,4195.995859580001
819,2015-03-31,1278.9456339999842,ft,4196.01585958
820,2015-04-01,1278.9456339999842,ft,4196.01585958
821,2015-04-02,1278.9456339999842,ft,4196.01585958
822,2015-04-03,1278.9182019999841,ft,4195.92585958
823,2015-04-04,1278.9212499999842,ft,4195.93585958
824,2015-04-05,1278.9364899999841,ft,4195.985859580001
825,2015-04-06,1278.9486819999843,ft,4196.0258595800005
826,2015-04-07,1278.8968659999841,ft,4195.8558595800005
827,2015-04-08,1278.8968659999841,ft,4195.8558595800005
828,2015-04-09,1278.902961999984,ft,4195.87585958
829,2015-04-10,1278.9060099999842,ft,4195.88585958
830,2015-04-11,1278.9121059999843,ft,4195.905859580001
831,2015-04-12,1278.9060099999842,ft,4195.88585958
832,2015-04-13,1278.893817999984,ft,4195.84585958
833,2015-04-14,1278.8999139999842,ft,4195.865859580001
834,2015-04-15,1278.9060099999842,ft,4195.88585958
835,2015-04-16,1278.893817999984,ft,4195.84585958
836,2015-04-17,1278.893817999984,ft,4195.84585958
837,2015-04-18,1278.890769999984,ft,4195.83585958
838,2015-04-19,1278.902961999984,ft,4195.87585958
839,2015-04-20,1278.8877219999843,ft,4195.825859580001
840,2015-04-21,1278.8785779999841,ft,4195.79585958
841,2015-04-22,1278.866385999984,ft,4195.75585958
842,2015-04-23,1278.8755299999843,ft,4195.785859580001
843,2015-04-24,1278.8816259999842,ft,4195.80585958
844,2015-04-25,1278.8877219999843,ft,4195.825859580001
845,2015-04-26,1278.9060099999842,ft,4195.88585958
846,2015-04-27,1278.902961999984,ft,4195.87585958
847,2015-04-28,1278.8785779999841,ft,4195.79585958
848,2015-04-29,1278.8694339999843,ft,4195.76585958
849,2015-04-30,1278.9121059999843,ft,4195.905859580001
850,2015-05-01,1278.8755299999843,ft,4195.785859580001
851,2015-05-02,1278.866385999984,ft,4195.75585958
852,2015-05-03,1278.866385999984,ft,4195.75585958
853,2015-05-04,1278.8480979999842,ft,4195.695859580001
854,2015-05-05,1278.8602899999842,ft,4195.735859580001
855,2015-05-06,1278.866385999984,ft,4195.75585958
856,2015-05-07,1278.866385999984,ft,4195.75585958
857,2015-05-08,1278.8785779999841,ft,4195.79585958
858,2015-05-09,1278.8968659999841,ft,4195.8558595800005
859,2015-05-10,1278.8877219999843,ft,4195.825859580001
860,2015-05-11,1278.8389539999841,ft,4195.66585958
861,2015-05-12,1278.8420019999842,ft,4195.67585958
862,2015-05-13,1278.8785779999841,ft,4195.79585958
863,2015-05-14,1278.8206659999842,ft,4195.6058595800005
864,2015-05-15,1278.8420019999842,ft,4195.67585958
865,2015-05-16,1278.854193999984,ft,4195.71585958
866,2015-05-17,1278.8877219999843,ft,4195.825859580001
867,2015-05-18,1278.8877219999843,ft,4195.825859580001
868,2015-05-19,1278.8999139999842,ft,4195.865859580001
869,2015-05-20,1278.8968659999841,ft,4195.8558595800005
870,2015-05-21,1278.8877219999843,ft,4195.825859580001
871,2015-05-22,1278.8999139999842,ft,4195.865859580001
872,2015-05-23,1278.9090579999843,ft,4195.89585958
873,2015-05-24,1278.933441999984,ft,4195.97585958
874,2015-05-25,1278.933441999984,ft,4195.97585958
875,2015-05-26,1278.927345999984,ft,4195.95585958
876,2015-05-27,1278.9395379999844,ft,4195.995859580001
877,2015-05-28,1278.9456339999842,ft,4196.01585958
878,2015-05-29,1278.9395379999844,ft,4195.995859580001
879,2015-05-30,1278.930393999984,ft,4195.96585958
880,2015-05-31,1278.9364899999841,ft,4195.985859580001
881,2015-06-01,1278.9212499999842,ft,4195.93585958
882,2015-06-02,1278.9486819999843,ft,4196.0258595800005
883,2015-06-03,1278.970017999984,ft,4196.09585958
884,2015-06-04,1278.9364899999841,ft,4195.985859580001
885,2015-06-05,1278.9425859999842,ft,4196.00585958
886,2015-06-06,1278.915153999984,ft,4195.91585958
887,2015-06-07,1278.9090579999843,ft,4195.89585958
888,2015-06-08,1278.9090579999843,ft,4195.89585958
889,2015-06-09,1278.9182019999841,ft,4195.92585958
890,2015-06-10,1278.9060099999842,ft,4195.88585958
891,2015-06-11,1278.9060099999842,ft,4195.88585958
892,2015-06-12,1278.9060099999842,ft,4195.88585958
893,2015-06-13,1278.9121059999843,ft,4195.905859580001
894,2015-06-14,1278.915153999984,ft,4195.91585958
895,2015-06-15,1278.8785779999841,ft,4195.79585958
896,2015-06-16,1278.8968659999841,ft,4195.8558595800005
897,2015-06-17,1278.8846739999842,ft,4195.8158595800005
898,2015-06-18,1278.8785779999841,ft,4195.79585958
899,2015-06-19,1278.8877219999843,ft,4195.825859580001
900,2015-06-20,1278.8877219999843,ft,4195.825859580001
901,2015-06-21,1278.8755299999843,ft,4195.785859580001
902,2015-06-22,1278.8724819999843,ft,4195.7758595800005
903,2015-06-23,1278.866385999984,ft,4195.75585958
904,2015-06-24,1278.8633379999842,ft,4195.745859580001
905,2015-06-25,1278.854193999984,ft,4195.71585958
906,2015-06-26,1278.8480979999842,ft,4195.695859580001
907,2015-06-27,1278.8420019999842,ft,4195.67585958
908,2015-06-28,1278.8389539999841,ft,4195.66585958
909,2015-06-29,1278.826761999984,ft,4195.62585958
910,2015-06-30,1278.8389539999841,ft,4195.66585958
911,2015-07-01,1278.8176179999841,ft,4195.59585958
912,2015-07-02,1278.8206659999842,ft,4195.6058595800005
913,2015-07-03,1278.8176179999841,ft,4195.59585958
914,2015-07-04,1278.8054259999842,ft,4195.55585958
915,2015-07-05,1278.8023779999842,ft,4195.54585958
916,2015-07-06,1278.8115219999843,ft,4195.575859580001
917,2015-07-07,1278.790185999984,ft,4195.50585958
918,2015-07-08,1278.793233999984,ft,4195.51585958
919,2015-07-09,1278.753609999984,ft,4195.38585958
920,2015-07-10,1278.753609999984,ft,4195.38585958
921,2015-07-11,1278.762753999984,ft,4195.41585958
922,2015-07-12,1278.7718979999843,ft,4195.445859580001
923,2015-07-13,1278.7810419999842,ft,4195.47585958
924,2015-07-14,1278.7810419999842,ft,4195.47585958
925,2015-07-15,1278.753609999984,ft,4195.38585958
926,2015-07-16,1278.7444659999842,ft,4195.3558595800005
927,2015-07-17,1278.7444659999842,ft,4195.3558595800005
928,2015-07-18,1278.7322739999843,ft,4195.3158595800005
929,2015-07-19,1278.7292259999842,ft,4195.30585958
930,2015-07-20,1278.686553999984,ft,4195.16585958
931,2015-07-21,1278.7078899999842,ft,4195.235859580001
932,2015-07-22,1278.7048419999842,ft,4195.22585958
933,2015-07-23,1278.7200819999841,ft,4195.2758595800005
934,2015-07-24,1278.7200819999841,ft,4195.2758595800005
935,2015-07-25,1278.6956979999843,ft,4195.195859580001
936,2015-07-26,1278.686553999984,ft,4195.16585958
937,2015-07-27,1278.7109379999843,ft,4195.245859580001
938,2015-07-28,1278.6804579999841,ft,4195.14585958
939,2015-07-29,1278.677409999984,ft,4195.13585958
940,2015-07-30,1278.6652179999842,ft,4195.09585958
941,2015-07-31,1278.6652179999842,ft,4195.09585958
942,2015-08-01,1278.6652179999842,ft,4195.09585958
943,2015-08-02,1278.6438819999842,ft,4195.0258595800005
944,2015-08-03,1278.613401999984,ft,4194.92585958
945,2015-08-04,1278.6438819999842,ft,4195.0258595800005
946,2015-08-05,1278.6591219999843,ft,4195.075859580001
947,2015-08-06,1278.637785999984,ft,4195.00585958
948,2015-08-07,1278.6408339999841,ft,4195.01585958
949,2015-08-08,1278.637785999984,ft,4195.00585958
950,2015-08-09,1278.637785999984,ft,4195.00585958
951,2015-08-10,1278.6316899999842,ft,4194.985859580001
952,2015-08-11,1278.610353999984,ft,4194.91585958
953,2015-08-12,1278.6073059999842,ft,4194.905859580001
954,2015-08-13,1278.598161999984,ft,4194.87585958
955,2015-08-14,1278.6042579999842,ft,4194.89585958
956,2015-08-15,1278.6286419999842,ft,4194.97585958
957,2015-08-16,1278.6225459999841,ft,4194.95585958
958,2015-08-17,1278.610353999984,ft,4194.91585958
959,2015-08-18,1278.6042579999842,ft,4194.89585958
960,2015-08-19,1278.5798739999843,ft,4194.8158595800005
961,2015-08-20,1278.5798739999843,ft,4194.8158595800005
962,2015-08-21,1278.5798739999843,ft,4194.8158595800005
963,2015-08-22,1278.5890179999842,ft,4194.84585958
964,2015-08-23,1278.5707299999842,ft,4194.785859580001
965,2015-08-24,1278.5615859999841,ft,4194.75585958
966,2015-08-25,1278.5554899999843,ft,4194.735859580001
967,2015-08-26,1278.5250099999841,ft,4194.63585958
968,2015-08-27,1278.546345999984,ft,4194.70585958
969,2015-08-28,1278.537201999984,ft,4194.67585958
970,2015-08-29,1278.5067219999844,ft,4194.575859580001
971,2015-08-30,1278.5493939999842,ft,4194.71585958
972,2015-08-31,1278.546345999984,ft,4194.70585958
973,2015-09-01,1278.5189139999843,ft,4194.615859580001
974,2015-09-02,1278.4762419999843,ft,4194.47585958
975,2015-09-03,1278.457953999984,ft,4194.41585958
976,2015-09-04,1278.4884339999842,ft,4194.51585958
977,2015-09-05,1278.5189139999843,ft,4194.615859580001
978,2015-09-06,1278.4945299999843,ft,4194.535859580001
979,2015-09-07,1278.4853859999841,ft,4194.50585958
980,2015-09-08,1278.4792899999843,ft,4194.485859580001
981,2015-09-09,1278.470145999984,ft,4194.45585958
982,2015-09-10,1278.470145999984,ft,4194.45585958
983,2015-09-11,1278.470145999984,ft,4194.45585958
984,2015-09-12,1278.4640499999841,ft,4194.43585958
985,2015-09-13,1278.4549059999842,ft,4194.405859580001
986,2015-09-14,1278.421377999984,ft,4194.29585958
987,2015-09-15,1278.421377999984,ft,4194.29585958
988,2015-09-16,1278.4457619999841,ft,4194.37585958
989,2015-09-17,1278.4823379999843,ft,4194.495859580001
990,2015-09-18,1278.4853859999841,ft,4194.50585958
991,2015-09-19,1278.4762419999843,ft,4194.47585958
992,2015-09-20,1278.470145999984,ft,4194.45585958
993,2015-09-21,1278.470145999984,ft,4194.45585958
994,2015-09-22,1278.4762419999843,ft,4194.47585958
995,2015-09-23,1278.470145999984,ft,4194.45585958
996,2015-09-24,1278.4762419999843,ft,4194.47585958
997,2015-09-25,1278.4670979999842,ft,4194.445859580001
998,2015-09-26,1278.4518579999842,ft,4194.39585958
999,2015-09-27,1278.470145999984,ft,4194.45585958
1000,2015-09-28,1278.470145999984,ft,4194.45585958
1001,2015-09-29,1278.457953999984,ft,4194.41585958
1002,2015-09-30,1278.457953999984,ft,4194.41585958
1003,2015-10-01,1278.4640499999841,ft,4194.43585958
1004,2015-10-02,1278.461001999984,ft,4194.42585958
1005,2015-10-03,1278.4670979999842,ft,4194.445859580001
1006,2015-10-04,1278.4792899999843,ft,4194.485859580001
1007,2015-10-05,1278.4640499999841,ft,4194.43585958
1008,2015-10-06,1278.4640499999841,ft,4194.43585958
1009,2015-10-07,1278.470145999984,ft,4194.45585958
1010,2015-10-08,1278.473193999984,ft,4194.46585958
1011,2015-10-09,1278.461001999984,ft,4194.42585958
1012,2015-10-10,1278.4518579999842,ft,4194.39585958
1013,2015-10-11,1278.457953999984,ft,4194.41585958
1014,2015-10-12,1278.457953999984,ft,4194.41585958
1015,2015-10-13,1278.4518579999842,ft,4194.39585958
1016,2015-10-14,1278.4488099999842,ft,4194.38585958
1017,2015-10-15,1278.4488099999842,ft,4194.38585958
1018,2015-10-16,1278.4488099999842,ft,4194.38585958
1019,2015-10-17,1278.4305219999842,ft,4194.325859580001
1020,2015-10-18,1278.4396659999843,ft,4194.3558595800005
1021,2015-10-19,1278.4518579999842,ft,4194.39585958
1022,2015-10-20,1278.4792899999843,ft,4194.485859580001
1023,2015-10-21,1278.470145999984,ft,4194.45585958
1024,2015-10-22,1278.457953999984,ft,4194.41585958
1025,2015-10-23,1278.4488099999842,ft,4194.38585958
1026,2015-10-24,1278.4274739999842,ft,4194.3158595800005
1027,2015-10-25,1278.4274739999842,ft,4194.3158595800005
1028,2015-10-26,1278.4274739999842,ft,4194.3158595800005
1029,2015-10-27,1278.4274739999842,ft,4194.3158595800005
1030,2015-10-28,1278.4152819999842,ft,4194.2758595800005
1031,2015-10-29,1278.4305219999842,ft,4194.325859580001
1032,2015-10-30,1278.4183299999843,ft,4194.285859580001
1033,2015-10-31,1278.381753999984,ft,4194.16585958
1034,2015-11-01,1278.400041999984,ft,4194.22585958
1035,2015-11-02,1278.4396659999843,ft,4194.3558595800005
1036,2015-11-03,1278.4091859999842,ft,4194.25585958
1037,2015-11-04,1278.4396659999843,ft,4194.3558595800005
1038,2015-11-05,1278.4030899999843,ft,4194.235859580001
1039,2015-11-06,1278.4030899999843,ft,4194.235859580001
1040,2015-11-07,1278.3756579999842,ft,4194.14585958
1041,2015-11-08,1278.3878499999842,ft,4194.18585958
1042,2015-11-09,1278.3848019999841,ft,4194.17585958
1043,2015-11-10,1278.4122339999842,ft,4194.26585958
1044,2015-11-11,1278.3787059999843,ft,4194.155859580001
1045,2015-11-12,1278.3756579999842,ft,4194.14585958
1046,2015-11-13,1278.381753999984,ft,4194.16585958
1047,2015-11-14,1278.3848019999841,ft,4194.17585958
1048,2015-11-15,1278.3665139999844,ft,4194.115859580001
1049,2015-11-16,1278.4549059999842,ft,4194.405859580001
1050,2015-11-17,1278.360417999984,ft,4194.09585958
1051,2015-11-18,1278.3665139999844,ft,4194.115859580001
1052,2015-11-19,1278.3543219999842,ft,4194.075859580001
1053,2015-11-20,1278.3756579999842,ft,4194.14585958
1054,2015-11-21,1278.360417999984,ft,4194.09585958
1055,2015-11-22,1278.363465999984,ft,4194.1058595800005
1056,2015-11-23,1278.3756579999842,ft,4194.14585958
1057,2015-11-24,1278.3787059999843,ft,4194.155859580001
1058,2015-11-25,1278.381753999984,ft,4194.16585958
1059,2015-11-26,1278.3726099999842,ft,4194.13585958
1060,2015-11-27,1278.3726099999842,ft,4194.13585958
1061,2015-11-28,1278.3787059999843,ft,4194.155859580001
1062,2015-11-29,1278.3695619999842,ft,4194.12585958
1063,2015-11-30,1278.360417999984,ft,4194.09585958
1064,2015-12-01,1278.360417999984,ft,4194.09585958
1065,2015-12-02,1278.360417999984,ft,4194.09585958
1066,2015-12-03,1278.360417999984,ft,4194.09585958
1067,2015-12-04,1278.363465999984,ft,4194.1058595800005
1068,2015-12-05,1278.357369999984,ft,4194.08585958
1069,2015-12-06,1278.357369999984,ft,4194.08585958
1070,2015-12-07,1278.3543219999842,ft,4194.075859580001
1071,2015-12-08,1278.357369999984,ft,4194.08585958
1072,2015-12-09,1278.360417999984,ft,4194.09585958
1073,2015-12-10,1278.3512739999842,ft,4194.0658595800005
1074,2015-12-11,1278.363465999984,ft,4194.1058595800005
1075,2015-12-12,1278.3665139999844,ft,4194.115859580001
1076,2015-12-13,1278.3482259999842,ft,4194.05585958
1077,2015-12-14,1278.3726099999842,ft,4194.13585958
1078,2015-12-15,1278.3848019999841,ft,4194.17585958
1079,2015-12-16,1278.3787059999843,ft,4194.155859580001
1080,2015-12-17,1278.360417999984,ft,4194.09585958
1081,2015-12-18,1278.363465999984,ft,4194.1058595800005
1082,2015-12-19,1278.3665139999844,ft,4194.115859580001
1083,2015-12-20,1278.3695619999842,ft,4194.12585958
1084,2015-12-21,1278.3421299999843,ft,4194.035859580001
1085,2015-12-22,1278.381753999984,ft,4194.16585958
1086,2015-12-23,1278.4305219999842,ft,4194.325859580001
1087,2015-12-24,1278.3756579999842,ft,4194.14585958
1088,2015-12-25,1278.4274739999842,ft,4194.3158595800005
1089,2015-12-26,1278.433569999984,ft,4194.33585958
1090,2015-12-27,1278.3756579999842,ft,4194.14585958
1091,2015-12-28,1278.3756579999842,ft,4194.14585958
1092,2015-12-29,1278.3726099999842,ft,4194.13585958
1093,2015-12-30,1278.3665139999844,ft,4194.115859580001
1094,2015-12-31,1278.3848019999841,ft,4194.17585958
1095,2016-01-01,1278.381753999984,ft,4194.16585958
1096,2016-01-02,1278.3756579999842,ft,4194.14585958
1097,2016-01-03,1278.3726099999842,ft,4194.13585958
1098,2016-01-04,1278.3726099999842,ft,4194.13585958
1099,2016-01-05,1278.3726099999842,ft,4194.13585958
1100,2016-01-06,1278.3756579999842,ft,4194.14585958
1101,2016-01-07,1278.393945999984,ft,4194.20585958
1102,2016-01-08,1278.421377999984,ft,4194.29585958
1103,2016-01-09,1278.4030899999843,ft,4194.235859580001
1104,2016-01-10,1278.396993999984,ft,4194.21585958
1105,2016-01-11,1278.3878499999842,ft,4194.18585958
1106,2016-01-12,1278.3848019999841,ft,4194.17585958
1107,2016-01-13,1278.381753999984,ft,4194.16585958
1108,2016-01-14,1278.3787059999843,ft,4194.155859580001
1109,2016-01-15,1278.381753999984,ft,4194.16585958
1110,2016-01-16,1278.3756579999842,ft,4194.14585958
1111,2016-01-17,1278.381753999984,ft,4194.16585958
1112,2016-01-18,1278.3848019999841,ft,4194.17585958
1113,2016-01-19,1278.3726099999842,ft,4194.13585958
1114,2016-01-20,1278.4091859999842,ft,4194.25585958
1115,2016-01-21,1278.400041999984,ft,4194.22585958
1116,2016-01-22,1278.4030899999843,ft,4194.235859580001
1117,2016-01-23,1278.400041999984,ft,4194.22585958
1118,2016-01-24,1278.4122339999842,ft,4194.26585958
1119,2016-01-25,1278.4152819999842,ft,4194.2758595800005
1120,2016-01-26,1278.4122339999842,ft,4194.26585958
1121,2016-01-27,1278.4122339999842,ft,4194.26585958
1122,2016-01-28,1278.400041999984,ft,4194.22585958
1123,2016-01-29,1278.400041999984,ft,4194.22585958
1124,2016-01-30,1278.4244259999841,ft,4194.30585958
1125,2016-01-31,1278.433569999984,ft,4194.33585958
1126,2016-02-01,1278.5158659999843,ft,4194.6058595800005
1127,2016-02-02,1278.421377999984,ft,4194.29585958
1128,2016-02-03,1278.4183299999843,ft,4194.285859580001
1129,2016-02-04,1278.4152819999842,ft,4194.2758595800005
1130,2016-02-05,1278.4152819999842,ft,4194.2758595800005
1131,2016-02-06,1278.4152819999842,ft,4194.2758595800005
1132,2016-02-07,1278.4183299999843,ft,4194.285859580001
1133,2016-02-08,1278.4152819999842,ft,4194.2758595800005
1134,2016-02-09,1278.421377999984,ft,4194.29585958
1135,2016-02-10,1278.4152819999842,ft,4194.2758595800005
1136,2016-02-11,1278.4183299999843,ft,4194.285859580001
1137,2016-02-12,1278.4152819999842,ft,4194.2758595800005
1138,2016-02-13,1278.4183299999843,ft,4194.285859580001
1139,2016-02-14,1278.4091859999842,ft,4194.25585958
1140,2016-02-15,1278.4305219999842,ft,4194.325859580001
1141,2016-02-16,1278.421377999984,ft,4194.29585958
1142,2016-02-17,1278.4152819999842,ft,4194.2758595800005
1143,2016-02-18,1278.4122339999842,ft,4194.26585958
1144,2016-02-19,1278.4244259999841,ft,4194.30585958
1145,2016-02-20,1278.4457619999841,ft,4194.37585958
1146,2016-02-21,1278.436617999984,ft,4194.34585958
1147,2016-02-22,1278.4457619999841,ft,4194.37585958
1148,2016-02-23,1278.4396659999843,ft,4194.3558595800005
1149,2016-02-24,1278.4274739999842,ft,4194.3158595800005
1150,2016-02-25,1278.433569999984,ft,4194.33585958
1151,2016-02-26,1278.433569999984,ft,4194.33585958
1152,2016-02-27,1278.436617999984,ft,4194.34585958
1153,2016-02-28,1278.4305219999842,ft,4194.325859580001
1154,2016-02-29,1278.4305219999842,ft,4194.325859580001
1155,2016-03-01,1278.4244259999841,ft,4194.30585958
1156,2016-03-02,1278.4244259999841,ft,4194.30585958
1157,2016-03-03,1278.4274739999842,ft,4194.3158595800005
1158,2016-03-04,1278.433569999984,ft,4194.33585958
1159,2016-03-05,1278.421377999984,ft,4194.29585958
1160,2016-03-06,1278.421377999984,ft,4194.29585958
1161,2016-03-07,1278.4396659999843,ft,4194.3558595800005
1162,2016-03-08,1278.4427139999843,ft,4194.365859580001
1163,2016-03-09,1278.4396659999843,ft,4194.3558595800005
1164,2016-03-10,1278.4244259999841,ft,4194.30585958
1165,2016-03-11,1278.4305219999842,ft,4194.325859580001
1166,2016-03-12,1278.4488099999842,ft,4194.38585958
1167,2016-03-13,1278.433569999984,ft,4194.33585958
1168,2016-03-14,1278.4670979999842,ft,4194.445859580001
1169,2016-03-15,1278.4488099999842,ft,4194.38585958
1170,2016-03-16,1278.4457619999841,ft,4194.37585958
1171,2016-03-17,1278.4488099999842,ft,4194.38585958
1172,2016-03-18,1278.4549059999842,ft,4194.405859580001
1173,2016-03-19,1278.4457619999841,ft,4194.37585958
1174,2016-03-20,1278.4396659999843,ft,4194.3558595800005
1175,2016-03-21,1278.433569999984,ft,4194.33585958
1176,2016-03-22,1278.4457619999841,ft,4194.37585958
1177,2016-03-23,1278.4274739999842,ft,4194.3158595800005
1178,2016-03-24,1278.4244259999841,ft,4194.30585958
1179,2016-03-25,1278.433569999984,ft,4194.33585958
1180,2016-03-26,1278.4396659999843,ft,4194.3558595800005
1181,2016-03-27,1278.4152819999842,ft,4194.2758595800005
1182,2016-03-28,1278.470145999984,ft,4194.45585958
1183,2016-03-29,1278.4396659999843,ft,4194.3558595800005
1184,2016-03-30,1278.4457619999841,ft,4194.37585958
1185,2016-03-31,1278.457953999984,ft,4194.41585958
1186,2016-04-01,1278.457953999984,ft,4194.41585958
1187,2016-04-02,1278.4518579999842,ft,4194.39585958
1188,2016-04-03,1278.4488099999842,ft,4194.38585958
1189,2016-04-04,1278.4549059999842,ft,4194.405859580001
1190,2016-04-05,1278.457953999984,ft,4194.41585958
1191,2016-04-06,1278.4549059999842,ft,4194.405859580001
1192,2016-04-07,1278.4488099999842,ft,4194.38585958
1193,2016-04-08,1278.4488099999842,ft,4194.38585958
1194,2016-04-09,1278.4274739999842,ft,4194.3158595800005
1195,2016-04-10,1278.4396659999843,ft,4194.3558595800005
1196,2016-04-11,1278.4488099999842,ft,4194.38585958
1197,2016-04-12,1278.4457619999841,ft,4194.37585958
1198,2016-04-13,1278.433569999984,ft,4194.33585958
1199,2016-04-14,1278.4457619999841,ft,4194.37585958
1200,2016-04-15,1278.4945299999843,ft,4194.535859580001
1201,2016-04-16,1278.5158659999843,ft,4194.6058595800005
1202,2016-04-17,1278.461001999984,ft,4194.42585958
1203,2016-04-18,1278.4518579999842,ft,4194.39585958
1204,2016-04-19,1278.4518579999842,ft,4194.39585958
1205,2016-04-20,1278.4488099999842,ft,4194.38585958
1206,2016-04-21,1278.4488099999842,ft,4194.38585958
1207,2016-04-22,1278.4030899999843,ft,4194.235859580001
1208,2016-04-23,1278.4670979999842,ft,4194.445859580001
1209,2016-04-24,1278.457953999984,ft,4194.41585958
1210,2016-04-25,1278.4488099999842,ft,4194.38585958
1211,2016-04-26,1278.5128179999842,ft,4194.59585958
1212,2016-04-27,1278.457953999984,ft,4194.41585958
1213,2016-04-28,1278.4518579999842,ft,4194.39585958
1214,2016-04-29,1278.4457619999841,ft,4194.37585958
1215,2016-04-30,1278.473193999984,ft,4194.46585958
1216,2016-05-01,1278.3908979999842,ft,4194.195859580001
1217,2016-05-02,1278.4457619999841,ft,4194.37585958
1218,2016-05-03,1278.4457619999841,ft,4194.37585958
1219,2016-05-04,1278.4396659999843,ft,4194.3558595800005
1220,2016-05-05,1278.4305219999842,ft,4194.325859580001
1221,2016-05-06,1278.4030899999843,ft,4194.235859580001
1222,2016-05-07,1278.436617999984,ft,4194.34585958
1223,2016-05-08,1278.4152819999842,ft,4194.2758595800005
1224,2016-05-09,1278.473193999984,ft,4194.46585958
1225,2016-05-10,1278.457953999984,ft,4194.41585958
1226,2016-05-11,1278.4427139999843,ft,4194.365859580001
1227,2016-05-12,1278.421377999984,ft,4194.29585958
1228,2016-05-13,1278.433569999984,ft,4194.33585958
1229,2016-05-14,1278.4274739999842,ft,4194.3158595800005
1230,2016-05-15,1278.470145999984,ft,4194.45585958
1231,2016-05-16,1278.4518579999842,ft,4194.39585958
1232,2016-05-17,1278.421377999984,ft,4194.29585958
1233,2016-05-18,1278.421377999984,ft,4194.29585958
1234,2016-05-19,1278.4030899999843,ft,4194.235859580001
1235,2016-05-20,1278.4457619999841,ft,4194.37585958
1236,2016-05-21,1278.4305219999842,ft,4194.325859580001
1237,2016-05-22,1278.4305219999842,ft,4194.325859580001
1238,2016-05-23,1278.4396659999843,ft,4194.3558595800005
1239,2016-05-24,1278.4305219999842,ft,4194.325859580001
1240,2016-05-25,1278.4396659999843,ft,4194.3558595800005
1241,2016-05-26,1278.436617999984,ft,4194.34585958
1242,2016-05-27,1278.433569999984,ft,4194.33585958
1243,2016-05-28,1278.4305219999842,ft,4194.325859580001
1244,2016-05-29,1278.421377999984,ft,4194.29585958
1245,2016-05-30,1278.4030899999843,ft,4194.235859580001
1246,2016-05-31,1278.4244259999841,ft,4194.30585958
1247,2016-06-01,1278.4061379999844,ft,4194.245859580001
1248,2016-06-02,1278.393945999984,ft,4194.20585958
1249,2016-06-03,1278.4030899999843,ft,4194.235859580001
1250,2016-06-04,1278.4030899999843,ft,4194.235859580001
1251,2016-06-05,1278.393945999984,ft,4194.20585958
1252,2016-06-06,1278.3695619999842,ft,4194.12585958
1253,2016-06-07,1278.396993999984,ft,4194.21585958
1254,2016-06-08,1278.3726099999842,ft,4194.13585958
1255,2016-06-09,1278.381753999984,ft,4194.16585958
1256,2016-06-10,1278.3543219999842,ft,4194.075859580001
1257,2016-06-11,1278.3908979999842,ft,4194.195859580001
1258,2016-06-12,1278.3908979999842,ft,4194.195859580001
1259,2016-06-13,1278.3543219999842,ft,4194.075859580001
1260,2016-06-14,1278.3512739999842,ft,4194.0658595800005
1261,2016-06-15,1278.3756579999842,ft,4194.14585958
1262,2016-06-16,1278.400041999984,ft,4194.22585958
1263,2016-06-17,1278.363465999984,ft,4194.1058595800005
1264,2016-06-18,1278.3360339999842,ft,4194.01585958
1265,2016-06-19,1278.3908979999842,ft,4194.195859580001
1266,2016-06-20,1278.3421299999843,ft,4194.035859580001
1267,2016-06-21,1278.3482259999842,ft,4194.05585958
1268,2016-06-22,1278.3421299999843,ft,4194.035859580001
1269,2016-06-23,1278.3329859999842,ft,4194.00585958
1270,2016-06-24,1278.3482259999842,ft,4194.05585958
1271,2016-06-25,1278.3268899999841,ft,4193.985859580001
1272,2016-06-26,1278.3086019999841,ft,4193.92585958
1273,2016-06-27,1278.305553999984,ft,4193.91585958
1274,2016-06-28,1278.305553999984,ft,4193.91585958
1275,2016-06-29,1278.2872659999841,ft,4193.8558595800005
1276,2016-06-30,1278.293361999984,ft,4193.87585958
1277,2016-07-01,1278.3025059999843,ft,4193.905859580001
1278,2016-07-02,1278.284217999984,ft,4193.84585958
1279,2016-07-03,1278.2628819999843,ft,4193.7758595800005
1280,2016-07-04,1278.281169999984,ft,4193.83585958
1281,2016-07-05,1278.2903139999842,ft,4193.865859580001
1282,2016-07-06,1278.2903139999842,ft,4193.865859580001
1283,2016-07-07,1278.256785999984,ft,4193.75585958
1284,2016-07-08,1278.2324019999842,ft,4193.67585958
1285,2016-07-09,1278.2476419999841,ft,4193.72585958
1286,2016-07-10,1278.2781219999843,ft,4193.825859580001
1287,2016-07-11,1278.2324019999842,ft,4193.67585958
1288,2016-07-12,1278.217161999984,ft,4193.62585958
1289,2016-07-13,1278.2232579999843,ft,4193.64585958
1290,2016-07-14,1278.2110659999842,ft,4193.6058595800005
1291,2016-07-15,1278.1988739999842,ft,4193.5658595800005
1292,2016-07-16,1278.2141139999842,ft,4193.615859580001
1293,2016-07-17,1278.1866819999843,ft,4193.5258595800005
1294,2016-07-18,1278.147057999984,ft,4193.39585958
1295,2016-07-19,1278.153153999984,ft,4193.41585958
1296,2016-07-20,1278.1622979999843,ft,4193.445859580001
1297,2016-07-21,1278.1683939999841,ft,4193.46585958
1298,2016-07-22,1278.147057999984,ft,4193.39585958
1299,2016-07-23,1278.1683939999841,ft,4193.46585958
1300,2016-07-24,1278.1592499999842,ft,4193.43585958
1301,2016-07-25,1278.153153999984,ft,4193.41585958
1302,2016-07-26,1278.147057999984,ft,4193.39585958
1303,2016-07-27,1278.1287699999841,ft,4193.33585958
1304,2016-07-28,1278.144009999984,ft,4193.38585958
1305,2016-07-29,1278.1287699999841,ft,4193.33585958
1306,2016-07-30,1278.1196259999842,ft,4193.30585958
1307,2016-07-31,1278.1135299999844,ft,4193.285859580001
1308,2016-08-01,1278.1135299999844,ft,4193.285859580001
1309,2016-08-02,1278.104385999984,ft,4193.25585958
1310,2016-08-03,1278.1226739999843,ft,4193.3158595800005
1311,2016-08-04,1278.107433999984,ft,4193.26585958
1312,2016-08-05,1278.080001999984,ft,4193.17585958
1313,2016-08-06,1278.0495219999843,ft,4193.075859580001
1314,2016-08-07,1278.040377999984,ft,4193.04585958
1315,2016-08-08,1278.064761999984,ft,4193.12585958
1316,2016-08-09,1278.080001999984,ft,4193.17585958
1317,2016-08-10,1278.080001999984,ft,4193.17585958
1318,2016-08-11,1278.0190419999842,ft,4192.97585958
1319,2016-08-12,1278.0159939999842,ft,4192.96585958
1320,2016-08-13,1278.0129459999841,ft,4192.95585958
1321,2016-08-14,1277.9946579999842,ft,4192.89585958
1322,2016-08-15,1278.0098979999843,ft,4192.945859580001
1323,2016-08-16,1278.0098979999843,ft,4192.945859580001
1324,2016-08-17,1278.0068499999843,ft,4192.93585958
1325,2016-08-18,1277.9916099999841,ft,4192.88585958
1326,2016-08-19,1278.0068499999843,ft,4192.93585958
1327,2016-08-20,1277.988561999984,ft,4192.87585958
1328,2016-08-21,1277.988561999984,ft,4192.87585958
1329,2016-08-22,1277.988561999984,ft,4192.87585958
1330,2016-08-23,1277.988561999984,ft,4192.87585958
1331,2016-08-24,1277.9824659999842,ft,4192.8558595800005
1332,2016-08-25,1277.964177999984,ft,4192.79585958
1333,2016-08-26,1277.9458899999843,ft,4192.735859580001
1334,2016-08-27,1277.927601999984,ft,4192.67585958
1335,2016-08-28,1277.927601999984,ft,4192.67585958
1336,2016-08-29,1277.9580819999842,ft,4192.7758595800005
1337,2016-08-30,1277.927601999984,ft,4192.67585958
1338,2016-08-31,1277.8971219999844,ft,4192.575859580001
1339,2016-09-01,1277.8971219999844,ft,4192.575859580001
1340,2016-09-02,1277.924553999984,ft,4192.66585958
1341,2016-09-03,1277.9580819999842,ft,4192.7758595800005
1342,2016-09-04,1277.967225999984,ft,4192.80585958
1343,2016-09-05,1277.927601999984,ft,4192.67585958
1344,2016-09-06,1277.9154099999841,ft,4192.63585958
1345,2016-09-07,1277.9123619999841,ft,4192.62585958
1346,2016-09-08,1277.9032179999842,ft,4192.59585958
1347,2016-09-09,1277.9093139999843,ft,4192.615859580001
1348,2016-09-10,1277.8849299999843,ft,4192.535859580001
1349,2016-09-11,1277.8818819999842,ft,4192.5258595800005
1350,2016-09-12,1277.9519859999841,ft,4192.75585958
1351,2016-09-13,1277.936745999984,ft,4192.70585958
1352,2016-09-14,1277.8940739999841,ft,4192.5658595800005
1353,2016-09-15,1277.8971219999844,ft,4192.575859580001
1354,2016-09-16,1277.8971219999844,ft,4192.575859580001
1355,2016-09-17,1277.8727379999843,ft,4192.495859580001
1356,2016-09-18,1277.8727379999843,ft,4192.495859580001
1357,2016-09-19,1277.8788339999842,ft,4192.51585958
1358,2016-09-20,1277.8757859999841,ft,4192.50585958
1359,2016-09-21,1277.860545999984,ft,4192.45585958
1360,2016-09-22,1277.9215059999842,ft,4192.655859580001
1361,2016-09-23,1277.9397939999842,ft,4192.71585958
1362,2016-09-24,1277.967225999984,ft,4192.80585958
1363,2016-09-25,1277.9519859999841,ft,4192.75585958
1364,2016-09-26,1277.9519859999841,ft,4192.75585958
1365,2016-09-27,1277.9458899999843,ft,4192.735859580001
1366,2016-09-28,1277.9397939999842,ft,4192.71585958
1367,2016-09-29,1277.9184579999842,ft,4192.64585958
1368,2016-09-30,1277.927601999984,ft,4192.67585958
1369,2016-10-01,1277.9123619999841,ft,4192.62585958
1370,2016-10-02,1277.9123619999841,ft,4192.62585958
1371,2016-10-03,1277.9946579999842,ft,4192.89585958
1372,2016-10-04,1277.9428419999842,ft,4192.72585958
1373,2016-10-05,1277.930649999984,ft,4192.68585958
1374,2016-10-06,1277.9184579999842,ft,4192.64585958
1375,2016-10-07,1277.9123619999841,ft,4192.62585958
1376,2016-10-08,1277.927601999984,ft,4192.67585958
1377,2016-10-09,1277.9184579999842,ft,4192.64585958
1378,2016-10-10,1277.9184579999842,ft,4192.64585958
1379,2016-10-11,1277.927601999984,ft,4192.67585958
1380,2016-10-12,1277.930649999984,ft,4192.68585958
1381,2016-10-13,1277.9154099999841,ft,4192.63585958
1382,2016-10-14,1277.8940739999841,ft,4192.5658595800005
1383,2016-10-15,1277.900169999984,ft,4192.58585958
1384,2016-10-16,1277.9123619999841,ft,4192.62585958
1385,2016-10-17,1277.964177999984,ft,4192.79585958
1386,2016-10-18,1277.9336979999844,ft,4192.695859580001
1387,2016-10-19,1277.9215059999842,ft,4192.655859580001
1388,2016-10-20,1277.9093139999843,ft,4192.615859580001
1389,2016-10-21,1277.924553999984,ft,4192.66585958
1390,2016-10-22,1277.9184579999842,ft,4192.64585958
1391,2016-10-23,1277.9215059999842,ft,4192.655859580001
1392,2016-10-24,1277.860545999984,ft,4192.45585958
1393,2016-10-25,1277.9093139999843,ft,4192.615859580001
1394,2016-10-26,1277.9184579999842,ft,4192.64585958
1395,2016-10-27,1277.927601999984,ft,4192.67585958
1396,2016-10-28,1277.927601999984,ft,4192.67585958
1397,2016-10-29,1277.927601999984,ft,4192.67585958
1398,2016-10-30,1277.8971219999844,ft,4192.575859580001
1399,2016-10-31,1277.9580819999842,ft,4192.7758595800005
1400,2016-11-01,1277.9580819999842,ft,4192.7758595800005
1401,2016-11-02,1277.927601999984,ft,4192.67585958
1402,2016-11-03,1277.927601999984,ft,4192.67585958
1403,2016-11-04,1277.927601999984,ft,4192.67585958
1404,2016-11-05,1277.927601999984,ft,4192.67585958
1405,2016-11-06,1277.927601999984,ft,4192.67585958
1406,2016-11-07,1277.927601999984,ft,4192.67585958
1407,2016-11-08,1277.927601999984,ft,4192.67585958
1408,2016-11-09,1277.927601999984,ft,4192.67585958
1409,2016-11-10,1277.927601999984,ft,4192.67585958
1410,2016-11-11,1277.927601999984,ft,4192.67585958
1411,2016-11-12,1277.927601999984,ft,4192.67585958
1412,2016-11-13,1277.927601999984,ft,4192.67585958
1413,2016-11-14,1277.927601999984,ft,4192.67585958
1414,2016-11-15,1277.927601999984,ft,4192.67585958
1415,2016-11-16,1277.988561999984,ft,4192.87585958
1416,2016-11-17,1277.927601999984,ft,4192.67585958
1417,2016-11-18,1277.927601999984,ft,4192.67585958
1418,2016-11-19,1277.927601999984,ft,4192.67585958
1419,2016-11-20,1277.927601999984,ft,4192.67585958
1420,2016-11-21,1277.927601999984,ft,4192.67585958
1421,2016-11-22,1277.927601999984,ft,4192.67585958
1422,2016-11-23,1277.927601999984,ft,4192.67585958
1423,2016-11-24,1277.927601999984,ft,4192.67585958
1424,2016-11-25,1277.927601999984,ft,4192.67585958
1425,2016-11-26,1277.8971219999844,ft,4192.575859580001
1426,2016-11-27,1277.927601999984,ft,4192.67585958
1427,2016-11-28,1277.927601999984,ft,4192.67585958
1428,2016-11-29,1277.927601999984,ft,4192.67585958
1429,2016-11-30,1277.927601999984,ft,4192.67585958
1430,2016-12-01,1277.927601999984,ft,4192.67585958
1431,2016-12-02,1277.9580819999842,ft,4192.7758595800005
1432,2016-12-03,1277.927601999984,ft,4192.67585958
1433,2016-12-04,1277.927601999984,ft,4192.67585958
1434,2016-12-05,1277.988561999984,ft,4192.87585958
1435,2016-12-06,1277.988561999984,ft,4192.87585958
1436,2016-12-07,1278.0190419999842,ft,4192.97585958
1437,2016-12-08,1277.988561999984,ft,4192.87585958
1438,2016-12-09,1278.0190419999842,ft,4192.97585958
1439,2016-12-10,1278.0190419999842,ft,4192.97585958
1440,2016-12-11,1278.0495219999843,ft,4193.075859580001
1441,2016-12-12,1278.080001999984,ft,4193.17585958
1442,2016-12-13,1278.080001999984,ft,4193.17585958
1443,2016-12-14,1278.1104819999841,ft,4193.2758595800005
1444,2016-12-15,1278.140961999984,ft,4193.37585958
1445,2016-12-16,1278.140961999984,ft,4193.37585958
1446,2016-12-17,1278.2324019999842,ft,4193.67585958
1447,2016-12-18,1278.2019219999843,ft,4193.575859580001
1448,2016-12-19,1278.1714419999842,ft,4193.47585958
1449,2016-12-20,1278.1714419999842,ft,4193.47585958
1450,2016-12-21,1278.2324019999842,ft,4193.67585958
1451,2016-12-22,1278.2324019999842,ft,4193.67585958
1452,2016-12-23,1278.2019219999843,ft,4193.575859580001
1453,2016-12-24,1278.2324019999842,ft,4193.67585958
1454,2016-12-25,1278.323841999984,ft,4193.97585958
1455,2016-12-26,1278.293361999984,ft,4193.87585958
1456,2016-12-27,1278.293361999984,ft,4193.87585958
1457,2016-12-28,1278.293361999984,ft,4193.87585958
1458,2016-12-29,1278.293361999984,ft,4193.87585958
1459,2016-12-30,1278.323841999984,ft,4193.97585958
1460,2016-12-31,1278.323841999984,ft,4193.97585958
1461,2017-01-01,1278.3543219999842,ft,4194.075859580001
