x,y,id,time_series_id,monitoring_location_id,parameter_code,statistic_id,time,value,unit_of_measure,approval_status,qualifier,last_modified
-112.49690297112,41.2552106532508,a871d4eb-ad60-44e6-9285-193824d57465,2e4657553ff7486d84e1ae1c10a0d34c,USGS-10010100,62614,00003,2018-01-01,4193.2,ft,Approved,,2025-03-11 21:31:41.809573+00:00
-112.49690297112,41.2552106532508,b6aae36b-1428-4b1b-bd05-06a5c7568cb7,2e4657553ff7486d84e1ae1c10a0d34c,USGS-10010100,62614,00003,2017-12-31,4193.2,ft,Approved,,2025-03-11 21:31:41.809573+00:00
-112.49690297112,41.2552106532508,134cc2ca-7607-421c-955b-6d57d9b5f164,2e4657553ff7486d84e1ae1c10a0d34c,USGS-10010100,62614,00003,2017-12-30,4193.1,ft,Approved,,2025-03-11 21:31:41.809573+00:00
-112.49690297112,41.2552106532508,cd7b8f4f-f7de-4b70-9873-27af6da13e41,2e4657553ff7486d84e1ae1c10a0d34c,USGS-10010100,62614,00003,2017-12-29,4193.1,ft,Approved,,2025-03-11 21:31:41.809573+00:00
-112.49690297112,41.2552106532508,d81d6273-6cc3-47b6-9f81-4f7f906b3601,2e4657553ff7486d84e1ae1c10a0d34c,USGS-10010100,62614,00003,2017-12-28,4193.1,ft,Approved,,2025-03-11 21:31:41.809573+00:00
-112.49690297112,41.2552106532508,a83e917f-3e49-416a-acda-6b8fde3f5fe4,2e4657553ff7486d84e1ae1c10a0d34c,USGS-10010100,62614,00003,2017-12-27,4193.1,ft,Approved,,2025-03-11 21:31:41.809573+00:00
-112.49690297112,41.2552106532508,51f9184a-41ba-4054-99d2-0378a9793dcd,2e4657553ff7486d84e1ae1c10a0d34c,USGS-10010100,62614,00003,2017-12-26,4193.1,ft,Approved,,2025-03-11 21:31:41.809573+00:00
-112.49690297112,41.2552106532508,152331bf-9367-4da1-a22e-e29b3c1ad062,2e4657553ff7486d84e1ae1c10a0d34c,USGS-10010100,62614,00003,2017-12-25,4193.1,ft,Approved,,2025-03-11 21:31:41.809573+00:00
-112.49690297112,41.2552106532508,f7325e57-d41e-4870-aeec-dc09eb1f334a,2e4657553ff7486d84e1ae1c10a0d34c,USGS-10010100,62614,00003,2017-12-24,4193.1,ft,Approved,,2025-03-11 21:31:41.809573+00:00
-112.49690297112,41.2552106532508,8934cb03-6ca5-404d-9d20-ff41c3d46654,2e4657553ff7486d84e1ae1c10a0d34c,USGS-10010100,62614,00003,2017-12-23,4193.1,ft,Approved,,2025-03-11 21:31:41.809573+00:00
-112.49690297112,41.2552106532508,81e8e0ef-352a-4cb1-8a75-fc0cba40e2b9,2e4657553ff7486d84e1ae1c10a0d34c,USGS-10010100,62614,00003,2017-12-22,4193.0,ft,Approved,,2025-03-11 21:31:41.809573+00:00
-112.49690297112,41.2552106532508,01ce3ded-55fe-4b1a-b018-cda8b7018973,2e4657553ff7486d84e1ae1c10a0d34c,USGS-10010100,62614,00003,2017-12-21,4193.3,ft,Approved,,2025-03-11 21:31:41.809573+00:00
-112.49690297112,41.2552106532508,3e8deb84-336b-45b6-9706-1ddd0458fed2,2e4657553ff7486d84e1ae1c10a0d34c,USGS-10010100,62614,00003,2017-12-20,4193.1,ft,Approved,,2025-03-11 21:31:41.809573+00:00
-112.49690297112,41.2552106532508,be3bc59c-61fd-4345-92d2-09c31016b0ca,2e4657553ff7486d84e1ae1c10a0d34c,USGS-10010100,62614,00003,2017-12-19,4193.1,ft,Approved,,2025-03-11 21:31:41.809573+00:00
-112.49690297112,41.2552106532508,b5d8a5cc-4f8d-4878-8866-81924d42f252,2e4657553ff7486d84e1ae1c10a0d34c,USGS-10010100,62614,00003,2017-12-18,4193.1,ft,Approved,,2025-03-11 21:31:41.809573+00:00
-112.49690297112,41.2552106532508,5870e966-1e33-41f6-b84e-772cb6c410a9,2e4657553ff7486d84e1ae1c10a0d34c,USGS-10010100,62614,00003,2017-12-17,4193.1,ft,Approved,,2025-03-11 21:31:41.809573+00:00
-112.49690297112,41.2552106532508,0930b6de-2c67-4298-b587-c3e5a5fbb6e5,2e4657553ff7486d84e1ae1c10a0d34c,USGS-10010100,62614,00003,2017-12-16,4193.1,ft,Approved,,2025-03-11 21:31:41.809573+00:00
-112.49690297112,41.2552106532508,587f5ee0-d8f2-47a5-92e2-15b1f7b3d46a,2e4657553ff7486d84e1ae1c10a0d34c,USGS-10010100,62614,00003,2017-12-15,4193.0,ft,Approved,,2025-03-11 21:31:41.809573+00:00
-112.49690297112,41.2552106532508,acfbd84d-ba88-4b34-b818-38527ba0649c,2e4657553ff7486d84e1ae1c10a0d34c,USGS-10010100,62614,00003,2017-12-14,4193.1,ft,Approved,,2025-03-11 21:31:41.809573+00:00
-112.49690297112,41.2552106532508,7d8823df-d1dc-4525-a7b4-7af8cc1c424e,2e4657553ff7486d84e1ae1c10a0d34c,USGS-10010100,62614,00003,2017-12-13,4193.0,ft,Approved,,2025-03-11 21:31:41.809573+00:00
-112.49690297112,41.2552106532508,5783e30f-613c-43c6-878e-596ddbbf8994,2e4657553ff7486d84e1ae1c10a0d34c,USGS-10010100,62614,00003,2017-12-12,4193.0,ft,Approved,,2025-03-11 21:31:41.809573+00:00
-112.49690297112,41.2552106532508,538a0cb6-8428-4cba-bafd-78e98d68cfd6,2e4657553ff7486d84e1ae1c10a0d34c,USGS-10010100,62614,00003,2017-12-11,4193.0,ft,Approved,,2025-03-11 21:31:41.809573+00:00
-112.49690297112,41.2552106532508,7d2a3113-dc6e-4de1-8c8a-037790bcca17,2e4657553ff7486d84e1ae1c10a0d34c,USGS-10010100,62614,00003,2017-12-10,4193.0,ft,Approved,,2025-03-11 21:31:41.809573+00:00
-112.49690297112,41.2552106532508,5c59b461-0100-4d42-bf89-7959126bc9a4,2e4657553ff7486d84e1ae1c10a0d34c,USGS-10010100,62614,00003,2017-12-09,4193.0,ft,Approved,,2025-03-11 21:31:41.809573+00:00
-112.49690297112,41.2552106532508,ce6f1237-3a86-4187-ab2f-e84342e6f582,2e4657553ff7486d84e1ae1c10a0d34c,USGS-10010100,62614,00003,2017-12-08,4193.0,ft,Approved,,2025-03-11 21:31:41.809573+00:00
-112.49690297112,41.2552106532508,6056ac9e-7213-4241-9605-e3c5661615d5,2e4657553ff7486d84e1ae1c10a0d34c,USGS-10010100,62614,00003,2017-12-07,4193.0,ft,Approved,,2025-03-11 21:31:41.809573+00:00
-112.49690297112,41.2552106532508,d0faf545-650d-427e-bbf1-84972090c8f6,2e4657553ff7486d84e1ae1c10a0d34c,USGS-10010100,62614,00003,2017-12-06,4193.0,ft,Approved,,2025-03-11 21:31:41.809573+00:00
-112.49690297112,41.2552106532508,2e7d2bd5-5425-4593-aded-a95ba22dae5e,2e4657553ff7486d84e1ae1c10a0d34c,USGS-10010100,62614,00003,2017-12-05,4193.0,ft,Approved,,2025-03-11 21:31:41.809573+00:00
-112.49690297112,41.2552106532508,a270d8ae-65ef-49ec-b98c-901cf5585f8e,2e4657553ff7486d84e1ae1c10a0d34c,USGS-10010100,62614,00003,2017-12-04,4193.1,ft,Approved,,2025-03-11 21:31:41.809573+00:00
-112.49690297112,41.2552106532508,52be7550-fbe2-4373-8e7b-7c54387b11da,2e4657553ff7486d84e1ae1c10a0d34c,USGS-10010100,62614,00003,2017-12-03,4193.3,ft,Approved,,2025-03-11 21:31:41.809573+00:00
-112.49690297112,41.2552106532508,84ae378f-5df8-4501-87ba-9eda00ccbd91,2e4657553ff7486d84e1ae1c10a0d34c,USGS-10010100,62614,00003,2017-12-02,4193.1,ft,Approved,,2025-03-11 21:31:41.809573+00:00
-112.49690297112,41.2552106532508,4f2fc6ed-7c10-4aba-b411-b4ca96b86565,2e4657553ff7486d84e1ae1c10a0d34c,USGS-10010100,62614,00003,2017-12-01,4193.1,ft,Approved,,2025-03-11 21:31:41.809573+00:00
-112.49690297112,41.2552106532508,89d94dd4-3be8-47a6-a9a0-ca445bf671e9,2e4657553ff7486d84e1ae1c10a0d34c,USGS-10010100,62614,00003,2017-11-30,4193.1,ft,Approved,,2025-03-11 21:31:41.809573+00:00
-112.49690297112,41.2552106532508,17d4f64d-239b-4182-9f39-d19a3f5e34e9,2e4657553ff7486d84e1ae1c10a0d34c,USGS-10010100,62614,00003,2017-11-29,4193.1,ft,Approved,,2025-03-11 21:31:41.809573+00:00
-112.49690297112,41.2552106532508,9d84b61c-0da9-4a0f-b925-6d01f87ae0dd,2e4657553ff7486d84e1ae1c10a0d34c,USGS-10010100,62614,00003,2017-11-28,4193.1,ft,Approved,,2025-03-11 21:31:41.809573+00:00
-112.49690297112,41.2552106532508,583daad4-1783-41e5-92e3-5d1b2a7c097c,2e4657553ff7486d84e1ae1c10a0d34c,USGS-10010100,62614,00003,2017-11-27,4193.1,ft,Approved,,2025-03-11 21:31:41.809573+00:00
-112.49690297112,41.2552106532508,cc45cf0e-5d9e-4878-be1e-44af2606a866,2e4657553ff7486d84e1ae1c10a0d34c,USGS-10010100,62614,00003,2017-11-26,4193.1,ft,Approved,,2025-03-11 21:31:41.809573+00:00
-112.49690297112,41.2552106532508,362c3836-5388-4ced-8b38-2c08d2bc42a7,2e4657553ff7486d84e1ae1c10a0d34c,USGS-10010100,62614,00003,2017-11-25,4193.0,ft,Approved,,2025-03-11 21:31:41.809573+00:00
-112.49690297112,41.2552106532508,05e299db-7cd0-4e4b-ae81-0d3dbe2cc158,2e4657553ff7486d84e1ae1c10a0d34c,USGS-10010100,62614,00003,2017-11-24,4193.0,ft,Approved,,2025-03-11 21:31:41.809573+00:00
-112.49690297112,41.2552106532508,b159f706-b25a-4a8c-ba39-9348cde73f08,2e4657553ff7486d84e1ae1c10a0d34c,USGS-10010100,62614,00003,2017-11-23,4193.0,ft,Approved,,2025-03-11 21:31:41.809573+00:00
-112.49690297112,41.2552106532508,87e1042b-f8f8-4f43-b873-92537beaf978,2e4657553ff7486d84e1ae1c10a0d34c,USGS-10010100,62614,00003,2017-11-22,4193.0,ft,Approved,,2025-03-11 21:31:41.809573+00:00
-112.49690297112,41.2552106532508,d6e46eb4-009e-48e9-ac75-811ed21f9c77,2e4657553ff7486d84e1ae1c10a0d34c,USGS-10010100,62614,00003,2017-11-21,4193.0,ft,Approved,,2025-03-11 21:31:41.809573+00:00
-112.49690297112,41.2552106532508,84639627-ad74-4f97-b791-6c2c160c5140,2e4657553ff7486d84e1ae1c10a0d34c,USGS-10010100,62614,00003,2017-11-20,4193.0,ft,Approved,,2025-03-11 21:31:41.809573+00:00
-112.49690297112,41.2552106532508,6b8bf7af-c725-4301-adab-53061c309539,2e4657553ff7486d84e1ae1c10a0d34c,USGS-10010100,62614,00003,2017-11-19,4193.0,ft,Approved,,2025-03-11 21:31:41.809573+00:00
-112.49690297112,41.2552106532508,0fb3b6f1-9447-4e7b-9c7e-d6424988d779,2e4657553ff7486d84e1ae1c10a0d34c,USGS-10010100,62614,00003,2017-11-18,4193.0,ft,Approved,,2025-03-11 21:31:41.809573+00:00
-112.49690297112,41.2552106532508,552f7a50-5b02-4be1-ac01-9fcb33ff8029,2e4657553ff7486d84e1ae1c10a0d34c,USGS-10010100,62614,00003,2017-11-17,4193.1,ft,Approved,,2025-03-11 21:31:41.809573+00:00
-112.49690297112,41.2552106532508,ea29a2fb-f21b-417b-b4d4-592ba79cb6e4,2e4657553ff7486d84e1ae1c10a0d34c,USGS-10010100,62614,00003,2017-11-16,4192.9,ft,Approved,,2025-03-11 21:31:41.809573+00:00
-112.49690297112,41.2552106532508,ad1185a9-d9e3-4b7e-b9dc-d4db9927fc87,2e4657553ff7486d84e1ae1c10a0d34c,USGS-10010100,62614,00003,2017-11-15,4192.9,ft,Approved,,2025-03-11 21:31:41.809573+00:00
-112.49690297112,41.2552106532508,f7d5bd8a-3796-4776-a840-197ad57e7408,2e4657553ff7486d84e1ae1c10a0d34c,USGS-10010100,62614,00003,2017-11-14,4192.9,ft,Approved,,2025-03-11 21:31:41.809573+00:00
-112.49690297112,41.2552106532508,f884b92b-6afe-4b7c-b3b4-18750d1845d3,2e4657553ff7486d84e1ae1c10a0d34c,USGS-10010100,62614,00003,2017-11-13,4192.9,ft,Approved,,2025-03-11 21:31:41.809573+00:00
-112.49690297112,41.2552106532508,803dc718-998f-4ddf-a375-25eb99a61239,2e4657553ff7486d84e1ae1c10a0d34c,USGS-10010100,62614,00003,2017-11-12,4192.9,ft,Approved,,2025-03-11 21:31:41.809573+00:00
-112.49690297112,41.2552106532508,10ce9ac2-ad4e-4ec5-a347-4cea4e515d1a,2e4657553ff7486d84e1ae1c10a0d34c,USGS-10010100,62614,00003,2017-11-11,4192.9,ft,Approved,,2025-03-11 21:31:41.809573+00:00
-112.49690297112,41.2552106532508,1c06542a-006e-40e7-82d9-ac8ac5cf6d8f,2e4657553ff7486d84e1ae1c10a0d34c,USGS-10010100,62614,00003,2017-11-10,4192.9,ft,Approved,,2025-03-11 21:31:41.809573+00:00
-112.49690297112,41.2552106532508,0e6722ea-52a8-40fe-b34b-b3cecccbc746,2e4657553ff7486d84e1ae1c10a0d34c,USGS-10010100,62614,00003,2017-11-09,4192.9,ft,Approved,,2025-03-11 21:31:41.809573+00:00
-112.49690297112,41.2552106532508,56ef3c6a-5c76-4984-8473-3e8bd035bbbb,2e4657553ff7486d84e1ae1c10a0d34c,USGS-10010100,62614,00003,2017-11-08,4192.8,ft,Approved,,2025-03-11 21:31:41.809573+00:00
-112.49690297112,41.2552106532508,0f619bdf-8cca-4130-b105-4015571e7707,2e4657553ff7486d84e1ae1c10a0d34c,USGS-10010100,62614,00003,2017-11-07,4193.0,ft,Approved,,2025-03-11 21:31:41.809573+00:00
-112.49690297112,41.2552106532508,fe28edfc-5d3c-4254-ac1c-0a740e472998,2e4657553ff7486d84e1ae1c10a0d34c,USGS-10010100,62614,00003,2017-11-06,4192.9,ft,Approved,,2025-03-11 21:31:41.809573+00:00
-112.49690297112,41.2552106532508,15a92cf3-b138-4787-b4ba-620fdb30fbd3,2e4657553ff7486d84e1ae1c10a0d34c,USGS-10010100,62614,00003,2017-11-05,4192.9,ft,Approved,,2025-03-11 21:31:41.809573+00:00
-112.49690297112,41.2552106532508,420988ea-e4f4-4268-9660-0d60876eb52a,2e4657553ff7486d84e1ae1c10a0d34c,USGS-10010100,62614,00003,2017-11-04,4192.9,ft,Approved,,2025-03-11 21:31:41.809573+00:00
-112.49690297112,41.2552106532508,d1000b94-a77d-43c1-8fe0-9dd0c19bbc62,2e4657553ff7486d84e1ae1c10a0d34c,USGS-10010100,62614,00003,2017-11-03,4192.8,ft,Approved,,2025-03-11 21:31:41.809573+00:00
-112.49690297112,41.2552106532508,dd9cf5a3-626e-405f-bad9-e8359ff01c20,2e4657553ff7486d84e1ae1c10a0d34c,USGS-10010100,62614,00003,2017-11-02,4192.8,ft,Approved,,2025-03-11 21:31:41.809573+00:00
-112.49690297112,41.2552106532508,1e9006f0-855b-4195-9d88-8c2939e9201f,2e4657553ff7486d84e1ae1c10a0d34c,USGS-10010100,62614,00003,2017-11-01,4192.8,ft,Approved,,2025-03-11 21:31:41.809573+00:00
-112.49690297112,41.2552106532508,df94ea74-fc6b-46cf-8a52-8b433ef41989,2e4657553ff7486d84e1ae1c10a0d34c,USGS-10010100,62614,00003,2017-10-31,4192.9,ft,Approved,,2025-03-11 21:31:41.809573+00:00
-112.49690297112,41.2552106532508,8d31d4fd-668f-4eb4-875c-ee6ec18b680f,2e4657553ff7486d84e1ae1c10a0d34c,USGS-10010100,62614,00003,2017-10-30,4193.0,ft,Approved,,2025-03-11 21:31:41.809573+00:00
-112.49690297112,41.2552106532508,f14540c1-9729-488d-a164-790a9a9a8314,2e4657553ff7486d84e1ae1c10a0d34c,USGS-10010100,62614,00003,2017-10-29,4192.8,ft,Approved,,2025-03-11 21:31:41.809573+00:00
-112.49690297112,41.2552106532508,38ce9ef6-e5ff-411a-b28d-e256921056d7,2e4657553ff7486d84e1ae1c10a0d34c,USGS-10010100,62614,00003,2017-10-28,4192.8,ft,Approved,,2025-03-11 21:31:41.809573+00:00
-112.49690297112,41.2552106532508,bdd89de7-f7c3-49f1-945b-0a08806110a5,2e4657553ff7486d84e1ae1c10a0d34c,USGS-10010100,62614,00003,2017-10-27,4192.9,ft,Approved,,2025-03-11 21:31:41.809573+00:00
-112.49690297112,41.2552106532508,87e9e471-baff-4a1a-bb93-97225633d81e,2e4657553ff7486d84e1ae1c10a0d34c,USGS-10010100,62614,00003,2017-10-26,4192.8,ft,Approved,,2025-03-11 21:31:41.809573+00:00
-112.49690297112,41.2552106532508,7d1fb955-73b3-4ea3-8909-bc5b4f1f8ef2,2e4657553ff7486d84e1ae1c10a0d34c,USGS-10010100,62614,00003,2017-10-25,4192.8,ft,Approved,,2025-03-11 21:31:41.809573+00:00
-112.49690297112,41.2552106532508,e4a670af-46af-4383-b7bc-a3fcc4144e7a,2e4657553ff7486d84e1ae1c10a0d34c,USGS-10010100,62614,00003,2017-10-24,4192.8,ft,Approved,,2025-03-11 21:31:41.809573+00:00
-112.49690297112,41.2552106532508,aefcf56f-2b5a-4afa-ad7f-df40ddc54e49,2e4657553ff7486d84e1ae1c10a0d34c,USGS-10010100,62614,00003,2017-10-23,4192.8,ft,Approved,,2025-03-11 21:31:41.809573+00:00
-112.49690297112,41.2552106532508,5fc29f8e-488f-46ce-bf9f-b5c1673793ee,2e4657553ff7486d84e1ae1c10a0d34c,USGS-10010100,62614,00003,2017-10-22,4192.8,ft,Approved,,2025-03-11 21:31:41.809573+00:00
-112.49690297112,41.2552106532508,09f7d853-0ab3-4e9e-a913-5196bb32936d,2e4657553ff7486d84e1ae1c10a0d34c,USGS-10010100,62614,00003,2017-10-21,4192.8,ft,Approved,,2025-03-11 21:31:41.809573+00:00
-112.49690297112,41.2552106532508,803e284f-8aa4-4b25-b0ae-1a34ae7717ff,2e4657553ff7486d84e1ae1c10a0d34c,USGS-10010100,62614,00003,2017-10-20,4192.9,ft,Approved,,2025-03-11 21:31:41.809573+00:00
-112.49690297112,41.2552106532508,cd16175e-61b0-4140-bcbe-2baa01666c30,2e4657553ff7486d84e1ae1c10a0d34c,USGS-10010100,62614,00003,2017-10-19,4192.8,ft,Approved,,2025-03-11 21:31:41.809573+00:00
-112.49690297112,41.2552106532508,948b7599-bc7a-49cc-a178-672daf887412,2e4657553ff7486d84e1ae1c10a0d34c,USGS-10010100,62614,00003,2017-10-18,4192.8,ft,Approved,,2025-03-11 21:31:41.809573+00:00
-112.49690297112,41.2552106532508,b79db301-8e2b-4dab-8429-d5da0ef855a8,2e4657553ff7486d84e1ae1c10a0d34c,USGS-10010100,62614,00003,2017-10-17,4192.8,ft,Approved,,2025-03-11 21:31:41.809573+00:00
-112.49690297112,41.2552106532508,d57df46d-06b0-4dd3-a9c9-607b9f45b5fb,2e4657553ff7486d84e1ae1c10a0d34c,USGS-10010100,62614,00003,2017-10-16,4192.8,ft,Approved,,2025-03-11 21:31:41.809573+00:00
-112.49690297112,41.2552106532508,35acf778-af08-4c88-88d5-9bcdf237954f,2e4657553ff7486d84e1ae1c10a0d34c,USGS-10010100,62614,00003,2017-10-15,4192.8,ft,Approved,,2025-03-11 21:31:41.809573+00:00
-112.49690297112,41.2552106532508,6265d17d-8c54-43e7-b173-2311b19c48df,2e4657553ff7486d84e1ae1c10a0d34c,USGS-10010100,62614,00003,2017-10-14,4192.8,ft,Approved,,2025-03-11 21:31:41.809573+00:00
-112.49690297112,41.2552106532508,8d44e7b5-6e16-44cf-80dd-67ec77b3088b,2e4657553ff7486d84e1ae1c10a0d34c,USGS-10010100,62614,00003,2017-10-13,4192.9,ft,Approved,,2025-03-11 21:31:41.809573+00:00
-112.49690297112,41.2552106532508,6937213d-1352-46c8-bb03-08fea31028bc,2e4657553ff7486d84e1ae1c10a0d34c,USGS-10010100,62614,00003,2017-10-12,4192.9,ft,Approved,,2025-03-11 21:31:41.809573+00:00
-112.49690297112,41.2552106532508,05e67d05-2e3b-4ed8-bbae-c1a992684a22,2e4657553ff7486d84e1ae1c10a0d34c,USGS-10010100,62614,00003,2017-10-11,4192.9,ft,Approved,,2025-03-11 21:31:41.809573+00:00
-112.49690297112,41.2552106532508,5b39e366-ace8-45ee-8d11-765406655c97,2e4657553ff7486d84e1ae1c10a0d34c,USGS-10010100,62614,00003,2017-10-10,4192.8,ft,Approved,,2025-03-11 21:31:41.809573+00:00
-112.49690297112,41.2552106532508,4e8d4494-0df1-466e-9edf-dc30b8c90d17,2e4657553ff7486d84e1ae1c10a0d34c,USGS-10010100,62614,00003,2017-10-09,4192.9,ft,Approved,,2025-03-11 21:31:41.809573+00:00
-112.49690297112,41.2552106532508,dde7f544-0bcf-4e46-86a3-a259b7a10cdf,2e4657553ff7486d84e1ae1c10a0d34c,USGS-10010100,62614,00003,2017-10-08,4193.0,ft,Approved,,2025-03-11 21:31:41.809573+00:00
-112.49690297112,41.2552106532508,b5bf99b8-10b5-430e-96a1-d11947ca83a8,2e4657553ff7486d84e1ae1c10a0d34c,USGS-10010100,62614,00003,2017-10-07,4192.9,ft,Approved,,2025-03-11 21:31:41.809573+00:00
-112.49690297112,41.2552106532508,f2c2868c-2de0-49ab-bb57-78a99a1b6da8,2e4657553ff7486d84e1ae1c10a0d34c,USGS-10010100,62614,00003,2017-10-06,4192.9,ft,Approved,,2025-03-11 21:31:41.809573+00:00
-112.49690297112,41.2552106532508,971e3d15-8f2f-4325-af0c-211044258f3c,2e4657553ff7486d84e1ae1c10a0d34c,USGS-10010100,62614,00003,2017-10-05,4193.0,ft,Approved,,2025-03-11 21:31:41.809573+00:00
-112.49690297112,41.2552106532508,83e82c46-214c-4cea-98c7-f008551a227e,2e4657553ff7486d84e1ae1c10a0d34c,USGS-10010100,62614,00003,2017-10-04,4192.9,ft,Approved,,2025-03-11 21:31:41.809573+00:00
-112.49690297112,41.2552106532508,52a1aeab-c44f-4031-840d-99eade0ee4fe,2e4657553ff7486d84e1ae1c10a0d34c,USGS-10010100,62614,00003,2017-10-03,4192.9,ft,Approved,,2025-03-11 21:31:41.809573+00:00
-112.49690297112,41.2552106532508,f7b2a036-8a1c-4e74-9572-e46f5923ba54,2e4657553ff7486d84e1ae1c10a0d34c,USGS-10010100,62614,00003,2017-10-02,4193.0,ft,Approved,,2025-03-11 21:31:41.809573+00:00
-112.49690297112,41.2552106532508,f42a7e09-de0c-4725-ad3a-5355ce65c540,2e4657553ff7486d84e1ae1c10a0d34c,USGS-10010100,62614,00003,2017-10-01,4193.0,ft,Approved,,2025-03-11 21:31:41.809573+00:00
-112.49690297112,41.2552106532508,c513c138-7272-424a-b4cb-ac6efad446b5,2e4657553ff7486d84e1ae1c10a0d34c,USGS-10010100,62614,00003,2017-09-30,4192.9,ft,Approved,,2025-03-11 21:31:41.809573+00:00
-112.49690297112,41.2552106532508,cb6a5146-cd7c-4c64-a576-bc2f3ce00ac6,2e4657553ff7486d84e1ae1c10a0d34c,USGS-10010100,62614,00003,2017-09-29,4192.9,ft,Approved,,2025-03-11 21:31:41.809573+00:00
-112.49690297112,41.2552106532508,bfa746c1-b49a-4098-8c3c-27c90a0be304,2e4657553ff7486d84e1ae1c10a0d34c,USGS-10010100,62614,00003,2017-09-28,4193.0,ft,Approved,,2025-03-11 21:31:41.809573+00:00
-112.49690297112,41.2552106532508,253c51d2-471b-4b4d-8255-9681d1539a0d,2e4657553ff7486d84e1ae1c10a0d34c,USGS-10010100,62614,00003,2017-09-27,4192.9,ft,Approved,,2025-03-11 21:31:41.809573+00:00
-112.49690297112,41.2552106532508,5634e79b-c203-41ff-b6bb-3c96440f71f7,2e4657553ff7486d84e1ae1c10a0d34c,USGS-10010100,62614,00003,2017-09-26,4192.9,ft,Approved,,2025-03-11 21:31:41.809573+00:00
-112.49690297112,41.2552106532508,579fd1c5-a5e0-4f9d-b5c6-4c26a6605e73,2e4657553ff7486d84e1ae1c10a0d34c,USGS-10010100,62614,00003,2017-09-25,4192.9,ft,Approved,,2025-03-11 21:31:41.809573+00:00
-112.49690297112,41.2552106532508,dd489747-9065-4942-89cf-7f14ab7fd96b,2e4657553ff7486d84e1ae1c10a0d34c,USGS-10010100,62614,00003,2017-09-24,4193.0,ft,Approved,,2025-03-11 21:31:41.809573+00:00
-112.49690297112,41.2552106532508,3e61e0a4-d229-4537-b19a-c07cf87b29a6,2e4657553ff7486d84e1ae1c10a0d34c,USGS-10010100,62614,00003,2017-09-23,4193.1,ft,Approved,,2025-03-11 21:31:41.809573+00:00
-112.49690297112,41.2552106532508,23a0256a-ace9-4bde-9967-05bb9853724b,2e4657553ff7486d84e1ae1c10a0d34c,USGS-10010100,62614,00003,2017-09-22,4193.0,ft,Approved,,2025-03-11 21:31:41.809573+00:00
-112.49690297112,41.2552106532508,ede010e2-bd90-4cb5-8a4b-b2c159ecd2cc,2e4657553ff7486d84e1ae1c10a0d34c,USGS-10010100,62614,00003,2017-09-21,4192.9,ft,Approved,,2025-03-11 21:31:41.809573+00:00
-112.49690297112,41.2552106532508,9e22260e-8229-4c8d-98c6-bffaab541fd7,2e4657553ff7486d84e1ae1c10a0d34c,USGS-10010100,62614,00003,2017-09-20,4192.9,ft,Approved,,2025-03-11 21:31:41.809573+00:00
-112.49690297112,41.2552106532508,eafeefff-530e-47b4-b4a3-79a6f455f0b7,2e4657553ff7486d84e1ae1c10a0d34c,USGS-10010100,62614,00003,2017-09-19,4192.9,ft,Approved,,2025-03-11 21:31:41.809573+00:00
-112.49690297112,41.2552106532508,e8d18952-e25c-4f0f-93af-6c59edcbf409,2e4657553ff7486d84e1ae1c10a0d34c,USGS-10010100,62614,00003,2017-09-18,4192.9,ft,Approved,,2025-03-11 21:31:41.809573+00:00
-112.49690297112,41.2552106532508,0b3a7196-4d9e-4a60-9c87-8f2bbc166001,2e4657553ff7486d84e1ae1c10a0d34c,USGS-10010100,62614,00003,2017-09-17,4192.9,ft,Approved,,2025-03-11 21:31:41.809573+00:00
-112.49690297112,41.2552106532508,17e5c56d-f174-4e4b-b3a7-3b13e184cccc,2e4657553ff7486d84e1ae1c10a0d34c,USGS-10010100,62614,00003,2017-09-16,4193.0,ft,Approved,,2025-03-11 21:31:41.809573+00:00
-112.49690297112,41.2552106532508,09187047-1b82-4611-a5d6-bb22ae5d1a0d,2e4657553ff7486d84e1ae1c10a0d34c,USGS-10010100,62614,00003,2017-09-15,4193.0,ft,Approved,,2025-03-11 21:31:41.809573+00:00
-112.49690297112,41.2552106532508,2a77fa39-8de0-4298-8392-30afcfc4f257,2e4657553ff7486d84e1ae1c10a0d34c,USGS-10010100,62614,00003,2017-09-14,4192.9,ft,Approved,,2025-03-11 21:31:41.809573+00:00
-112.49690297112,41.2552106532508,4d3c464d-fdf7-4596-bcd8-35a1937e5582,2e4657553ff7486d84e1ae1c10a0d34c,USGS-10010100,62614,00003,2017-09-13,4193.0,ft,Approved,,2025-03-11 21:31:41.809573+00:00
-112.49690297112,41.2552106532508,923b3bc5-1cbd-45f9-b65b-b68cd03b4849,2e4657553ff7486d84e1ae1c10a0d34c,USGS-10010100,62614,00003,2017-09-12,4193.1,ft,Approved,,2025-03-11 21:31:41.809573+00:00
-112.49690297112,41.2552106532508,80a2a88d-33d7-4658-93f4-4fb3a62d769c,2e4657553ff7486d84e1ae1c10a0d34c,USGS-10010100,62614,00003,2017-09-11,4193.1,ft,Approved,,2025-03-11 21:31:41.809573+00:00
-112.49690297112,41.2552106532508,60aab705-0569-46e1-8596-b42aa7f0427c,2e4657553ff7486d84e1ae1c10a0d34c,USGS-10010100,62614,00003,2017-09-10,4193.0,ft,Approved,,2025-03-11 21:31:41.809573+00:00
-112.49690297112,41.2552106532508,d2a2bb86-9661-49ad-b1f0-364d7cebae2d,2e4657553ff7486d84e1ae1c10a0d34c,USGS-10010100,62614,00003,2017-09-09,4193.0,ft,Approved,,2025-03-11 21:31:41.809573+00:00
-112.49690297112,41.2552106532508,67528d40-adcc-49fe-ae44-cb3d91902d5c,2e4657553ff7486d84e1ae1c10a0d34c,USGS-10010100,62614,00003,2017-09-08,4193.0,ft,Approved,,2025-03-11 21:31:41.809573+00:00
-112.49690297112,41.2552106532508,216f243b-6c43-49e5-9cbf-dddb6b87b05a,2e4657553ff7486d84e1ae1c10a0d34c,USGS-10010100,62614,00003,2017-09-07,4193.1,ft,Approved,,2025-03-11 21:31:41.809573+00:00
-112.49690297112,41.2552106532508,2f773e97-5ffa-4022-b048-b8066fbdba3b,2e4657553ff7486d84e1ae1c10a0d34c,USGS-10010100,62614,00003,2017-09-06,4193.1,ft,Approved,,2025-03-11 21:31:41.809573+00:00
-112.49690297112,41.2552106532508,9743f711-9b0c-4d5b-9ac4-8168d750905c,2e4657553ff7486d84e1ae1c10a0d34c,USGS-10010100,62614,00003,2017-09-05,4193.2,ft,Approved,,2025-03-11 21:31:41.809573+00:00
-112.49690297112,41.2552106532508,3382aa5a-5831-46f7-8783-5da167d0888a,2e4657553ff7486d84e1ae1c10a0d34c,USGS-10010100,62614,00003,2017-09-04,4193.2,ft,Approved,,2025-03-11 21:31:41.809573+00:00
-112.49690297112,41.2552106532508,e5eb6983-850a-40f6-94e6-3a819c207488,2e4657553ff7486d84e1ae1c10a0d34c,USGS-10010100,62614,00003,2017-09-03,4193.2,ft,Approved,,2025-03-11 21:31:41.809573+00:00
-112.49690297112,41.2552106532508,0ee857c6-3c75-4da8-8abd-7782e2e153d4,2e4657553ff7486d84e1ae1c10a0d34c,USGS-10010100,62614,00003,2017-09-02,4193.2,ft,Approved,,2025-03-11 21:31:41.809573+00:00
-112.49690297112,41.2552106532508,359ec0c5-ba86-408e-a4f7-cce284096304,2e4657553ff7486d84e1ae1c10a0d34c,USGS-10010100,62614,00003,2017-09-01,4193.2,ft,Approved,,2025-03-11 21:31:41.809573+00:00
-112.49690297112,41.2552106532508,4ec59c17-604d-43dc-af0f-6849bbfcc8a5,2e4657553ff7486d84e1ae1c10a0d34c,USGS-10010100,62614,00003,2017-08-31,4193.2,ft,Approved,,2025-03-11 21:31:41.809573+00:00
-112.49690297112,41.2552106532508,e8c9cc82-a3bd-4670-8a7f-bad2e69297f8,2e4657553ff7486d84e1ae1c10a0d34c,USGS-10010100,62614,00003,2017-08-30,4193.2,ft,Approved,,2025-03-11 21:31:41.809573+00:00
-112.49690297112,41.2552106532508,3d68bbea-c346-458c-972b-542bf5b17121,2e4657553ff7486d84e1ae1c10a0d34c,USGS-10010100,62614,00003,2017-08-29,4193.2,ft,Approved,,2025-03-11 21:31:41.809573+00:00
-112.49690297112,41.2552106532508,37411e4f-84d3-41d7-a1bf-731fc7c65b2e,2e4657553ff7486d84e1ae1c10a0d34c,USGS-10010100,62614,00003,2017-08-28,4193.2,ft,Approved,,2025-03-11 21:31:41.809573+00:00
-112.49690297112,41.2552106532508,6e7a4db0-fb72-4e11-85e9-1b6057318ef2,2e4657553ff7486d84e1ae1c10a0d34c,USGS-10010100,62614,00003,2017-08-27,4193.3,ft,Approved,,2025-03-11 21:31:41.809573+00:00
-112.49690297112,41.2552106532508,7a74210b-43ed-4a25-92d7-d4cfb68a630a,2e4657553ff7486d84e1ae1c10a0d34c,USGS-10010100,62614,00003,2017-08-26,4193.3,ft,Approved,,2025-03-11 21:31:41.809573+00:00
-112.49690297112,41.2552106532508,04579645-233f-4e5f-a0ed-aa04eb134268,2e4657553ff7486d84e1ae1c10a0d34c,USGS-10010100,62614,00003,2017-08-25,4193.3,ft,Approved,,2025-03-11 21:31:41.809573+00:00
-112.49690297112,41.2552106532508,cefc2ed2-ff15-408c-956e-032948e6c0b2,2e4657553ff7486d84e1ae1c10a0d34c,USGS-10010100,62614,00003,2017-08-24,4193.3,ft,Approved,,2025-03-11 21:31:41.809573+00:00
-112.49690297112,41.2552106532508,07984eb9-5af7-4e4e-82f8-f09a86d52147,2e4657553ff7486d84e1ae1c10a0d34c,USGS-10010100,62614,00003,2017-08-23,4193.3,ft,Approved,,2025-03-11 21:31:41.809573+00:00
-112.49690297112,41.2552106532508,21f8c8a2-4aae-4866-b8c3-b1ec507f71c5,2e4657553ff7486d84e1ae1c10a0d34c,USGS-10010100,62614,00003,2017-08-22,4193.3,ft,Approved,,2025-03-11 21:31:41.809573+00:00
-112.49690297112,41.2552106532508,acd89b10-eb44-43ae-a2f3-7f3d420a3db9,2e4657553ff7486d84e1ae1c10a0d34c,USGS-10010100,62614,00003,2017-08-21,4193.4,ft,Approved,,2025-03-11 21:31:41.809573+00:00
-112.49690297112,41.2552106532508,6612e7ab-1856-4f47-a95d-43eb925295aa,2e4657553ff7486d84e1ae1c10a0d34c,USGS-10010100,62614,00003,2017-08-20,4193.4,ft,Approved,,2025-03-11 21:31:41.809573+00:00
-112.49690297112,41.2552106532508,59ae097f-2c2b-4307-9ed1-4528f89cb932,2e4657553ff7486d84e1ae1c10a0d34c,USGS-10010100,62614,00003,2017-08-19,4193.4,ft,Approved,,2025-03-11 21:31:41.809573+00:00
-112.49690297112,41.2552106532508,16c85162-4d24-4ff5-9d29-a133bc7f4954,2e4657553ff7486d84e1ae1c10a0d34c,USGS-10010100,62614,00003,2017-08-18,4193.4,ft,Approved,,2025-03-11 21:31:41.809573+00:00
-112.49690297112,41.2552106532508,70318b06-1b1d-4b44-b289-e134b916c867,2e4657553ff7486d84e1ae1c10a0d34c,USGS-10010100,62614,00003,2017-08-17,4193.4,ft,Approved,,2025-03-11 21:31:41.809573+00:00
-112.49690297112,41.2552106532508,ee34379d-1df1-435a-b809-122f34bd6de2,2e4657553ff7486d84e1ae1c10a0d34c,USGS-10010100,62614,00003,2017-08-16,4193.4,ft,Approved,,2025-03-11 21:31:41.809573+00:00
-112.49690297112,41.2552106532508,5b7ea68a-b2a7-4b41-b597-1c3c3256bdbf,2e4657553ff7486d84e1ae1c10a0d34c,USGS-10010100,62614,00003,2017-08-15,4193.5,ft,Approved,,2025-03-11 21:31:41.809573+00:00
-112.49690297112,41.2552106532508,60dfefd5-caf5-469f-9e97-38ea22a33c6a,2e4657553ff7486d84e1ae1c10a0d34c,USGS-10010100,62614,00003,2017-08-14,4193.6,ft,Approved,,2025-03-11 21:31:41.809573+00:00
-112.49690297112,41.2552106532508,7d04e04d-bd63-4a10-b5ba-5ea2af55807a,2e4657553ff7486d84e1ae1c10a0d34c,USGS-10010100,62614,00003,2017-08-13,4193.4,ft,Approved,,2025-03-11 21:31:41.809573+00:00
-112.49690297112,41.2552106532508,2536994b-36e4-4ec0-804f-4556b2e31919,2e4657553ff7486d84e1ae1c10a0d34c,USGS-10010100,62614,00003,2017-08-12,4193.4,ft,Approved,,2025-03-11 21:31:41.809573+00:00
-112.49690297112,41.2552106532508,0f4a78ff-388c-4893-b088-5495299acca7,2e4657553ff7486d84e1ae1c10a0d34c,USGS-10010100,62614,00003,2017-08-11,4193.5,ft,Approved,,2025-03-11 21:31:41.809573+00:00
-112.49690297112,41.2552106532508,70195024-458e-4540-ab62-c15d2359b675,2e4657553ff7486d84e1ae1c10a0d34c,USGS-10010100,62614,00003,2017-08-10,4193.6,ft,Approved,,2025-03-11 21:31:41.809573+00:00
-112.49690297112,41.2552106532508,3453ae08-b154-4cd6-b117-e45cbb78dd16,2e4657553ff7486d84e1ae1c10a0d34c,USGS-10010100,62614,00003,2017-08-09,4193.6,ft,Approved,,2025-03-11 21:31:41.809573+00:00
-112.49690297112,41.2552106532508,343d0ffe-2010-435e-b86c-f3681242a29c,2e4657553ff7486d84e1ae1c10a0d34c,USGS-10010100,62614,00003,2017-08-08,4193.6,ft,Approved,,2025-03-11 21:31:41.809573+00:00
-112.49690297112,41.2552106532508,ad6b31ec-45eb-4d46-90ff-3814530e04fc,2e4657553ff7486d84e1ae1c10a0d34c,USGS-10010100,62614,00003,2017-08-07,4193.6,ft,Approved,,2025-03-11 21:31:41.809573+00:00
-112.49690297112,41.2552106532508,0a528dd1-459f-4dc2-9f72-a5ecff7e252b,2e4657553ff7486d84e1ae1c10a0d34c,USGS-10010100,62614,00003,2017-08-06,4193.7,ft,Approved,,2025-03-11 21:31:41.809573+00:00
-112.49690297112,41.2552106532508,224709ae-03db-4ec7-a0ab-7ff90c17797c,2e4657553ff7486d84e1ae1c10a0d34c,USGS-10010100,62614,00003,2017-08-05,4193.6,ft,Approved,,2025-03-11 21:31:41.809573+00:00
-112.49690297112,41.2552106532508,44ddd5cd-cde8-453a-9329-8935273294af,2e4657553ff7486d84e1ae1c10a0d34c,USGS-10010100,62614,00003,2017-08-04,4193.6,ft,Approved,,2025-03-11 21:31:41.809573+00:00
-112.49690297112,41.2552106532508,f4d617c9-995e-41e0-8ee7-39183571127f,2e4657553ff7486d84e1ae1c10a0d34c,USGS-10010100,62614,00003,2017-08-03,4193.7,ft,Approved,,2025-03-11 21:31:41.809573+00:00
-112.49690297112,41.2552106532508,15ed6429-4746-4f2c-9ad8-efadf3c69bdf,2e4657553ff7486d84e1ae1c10a0d34c,USGS-10010100,62614,00003,2017-08-02,4193.7,ft,Approved,,2025-03-11 21:31:41.809573+00:00
-112.49690297112,41.2552106532508,9fd8d1f5-2b4b-4878-a04d-6da3297bada7,2e4657553ff7486d84e1ae1c10a0d34c,USGS-10010100,62614,00003,2017-08-01,4193.8,ft,Approved,,2025-03-11 21:31:41.809573+00:00
-112.49690297112,41.2552106532508,b5368beb-91d3-490f-beb7-c49b178f8454,2e4657553ff7486d84e1ae1c10a0d34c,USGS-10010100,62614,00003,2017-07-31,4193.8,ft,Approved,,2025-03-11 21:31:41.809573+00:00
-112.49690297112,41.2552106532508,2e4dc40c-b8e1-4cbe-87d9-2f4f2d9adcaa,2e4657553ff7486d84e1ae1c10a0d34c,USGS-10010100,62614,00003,2017-07-30,4193.8,ft,Approved,,2025-03-11 21:31:41.809573+00:00
-112.49690297112,41.2552106532508,79021dbf-cbb2-467b-9824-4ebf30d519bb,2e4657553ff7486d84e1ae1c10a0d34c,USGS-10010100,62614,00003,2017-07-29,4193.8,ft,Approved,,2025-03-11 21:31:41.809573+00:00
-112.49690297112,41.2552106532508,f0b7cf86-ddf5-42a7-866f-28ec1e5c4a09,2e4657553ff7486d84e1ae1c10a0d34c,USGS-10010100,62614,00003,2017-07-28,4193.8,ft,Approved,,2025-03-11 21:31:41.809573+00:00
-112.49690297112,41.2552106532508,284b4a78-2194-4726-a118-2db3a057e456,2e4657553ff7486d84e1ae1c10a0d34c,USGS-10010100,62614,00003,2017-07-27,4193.8,ft,Approved,,2025-03-11 21:31:41.809573+00:00
-112.49690297112,41.2552106532508,2cd11884-b867-4143-af31-5142336e4a83,2e4657553ff7486d84e1ae1c10a0d34c,USGS-10010100,62614,00003,2017-07-26,4193.8,ft,Approved,,2025-03-11 21:31:41.809573+00:00
-112.49690297112,41.2552106532508,39484416-71da-4874-94e5-5f2c44515fb9,2e4657553ff7486d84e1ae1c10a0d34c,USGS-10010100,62614,00003,2017-07-25,4193.8,ft,Approved,,2025-03-11 21:31:41.809573+00:00
-112.49690297112,41.2552106532508,f7d69833-310b-411b-93ca-6b12d0b64a1d,2e4657553ff7486d84e1ae1c10a0d34c,USGS-10010100,62614,00003,2017-07-24,4193.9,ft,Approved,,2025-03-11 21:31:41.809573+00:00
-112.49690297112,41.2552106532508,ed48871a-4b43-4fc4-bbf8-03f1767ce8e5,2e4657553ff7486d84e1ae1c10a0d34c,USGS-10010100,62614,00003,2017-07-23,4193.9,ft,Approved,,2025-03-11 21:31:41.809573+00:00
-112.49690297112,41.2552106532508,48949b47-a345-4e38-ba9a-c4921f59e634,2e4657553ff7486d84e1ae1c10a0d34c,USGS-10010100,62614,00003,2017-07-22,4193.9,ft,Approved,,2025-03-11 21:31:41.809573+00:00
-112.49690297112,41.2552106532508,dd221eb8-ab86-4f66-b7fc-10e56f26e6b9,2e4657553ff7486d84e1ae1c10a0d34c,USGS-10010100,62614,00003,2017-07-21,4194.0,ft,Approved,,2025-03-11 21:31:41.809573+00:00
-112.49690297112,41.2552106532508,93792204-c734-431a-86b8-51b544f31330,2e4657553ff7486d84e1ae1c10a0d34c,USGS-10010100,62614,00003,2017-07-20,4193.8,ft,Approved,,2025-03-11 21:31:41.809573+00:00
-112.49690297112,41.2552106532508,e4419e06-c0b6-4d7d-8847-2531e4269b7d,2e4657553ff7486d84e1ae1c10a0d34c,USGS-10010100,62614,00003,2017-07-19,4193.9,ft,Approved,,2025-03-11 21:31:41.809573+00:00
-112.49690297112,41.2552106532508,b348d76f-aae0-47a3-bbfb-11d2343e3178,2e4657553ff7486d84e1ae1c10a0d34c,USGS-10010100,62614,00003,2017-07-18,4193.9,ft,Approved,,2025-03-11 21:31:41.809573+00:00
-112.49690297112,41.2552106532508,9e81f1c9-860c-4d59-b140-6b25a128cc04,2e4657553ff7486d84e1ae1c10a0d34c,USGS-10010100,62614,00003,2017-07-17,4194.0,ft,Approved,,2025-03-11 21:31:41.809573+00:00
-112.49690297112,41.2552106532508,b49edc6c-b1d1-4ef6-8187-5740159cd4ba,2e4657553ff7486d84e1ae1c10a0d34c,USGS-10010100,62614,00003,2017-07-16,4194.0,ft,Approved,,2025-03-11 21:31:41.809573+00:00
-112.49690297112,41.2552106532508,e7c4d020-df73-4fbd-8c7b-cf2e6955c002,2e4657553ff7486d84e1ae1c10a0d34c,USGS-10010100,62614,00003,2017-07-15,4194.0,ft,Approved,,2025-03-11 21:31:41.809573+00:00
-112.49690297112,41.2552106532508,c4578679-4846-49b4-865f-d2bc3f382eea,2e4657553ff7486d84e1ae1c10a0d34c,USGS-10010100,62614,00003,2017-07-14,4194.0,ft,Approved,,2025-03-11 21:31:41.809573+00:00
-112.49690297112,41.2552106532508,3a889c67-5cce-4796-89e6-afde80a33ca4,2e4657553ff7486d84e1ae1c10a0d34c,USGS-10010100,62614,00003,2017-07-13,4194.0,ft,Approved,,2025-03-11 21:31:41.809573+00:00
-112.49690297112,41.2552106532508,244aedee-74c8-4534-a4b3-ed2f95cdbb65,2e4657553ff7486d84e1ae1c10a0d34c,USGS-10010100,62614,00003,2017-07-12,4194.0,ft,Approved,,2025-03-11 21:31:41.809573+00:00
-112.49690297112,41.2552106532508,ff5e348f-7baa-48a3-bacc-18491e7558f3,2e4657553ff7486d84e1ae1c10a0d34c,USGS-10010100,62614,00003,2017-07-11,4194.1,ft,Approved,,2025-03-11 21:31:41.809573+00:00
-112.49690297112,41.2552106532508,f898b038-7620-4a66-a7ba-0d441f15696e,2e4657553ff7486d84e1ae1c10a0d34c,USGS-10010100,62614,00003,2017-07-10,4194.0,ft,Approved,,2025-03-11 21:31:41.809573+00:00
-112.49690297112,41.2552106532508,9128ba1c-1a52-44d0-a7f5-c186cfcfa3ea,2e4657553ff7486d84e1ae1c10a0d34c,USGS-10010100,62614,00003,2017-07-09,4194.1,ft,Approved,,2025-03-11 21:31:41.809573+00:00
-112.49690297112,41.2552106532508,ec608333-8494-4170-8e4a-811fbe104ca8,2e4657553ff7486d84e1ae1c10a0d34c,USGS-10010100,62614,00003,2017-07-08,4194.1,ft,Approved,,2025-03-11 21:31:41.809573+00:00
-112.49690297112,41.2552106532508,44b49f1b-9ba9-4091-b142-8728abd3d1e8,2e4657553ff7486d84e1ae1c10a0d34c,USGS-10010100,62614,00003,2017-07-07,4194.2,ft,Approved,,2025-03-11 21:31:41.809573+00:00
-112.49690297112,41.2552106532508,a7e80201-3faa-42c0-a7a2-da8ba9ec9882,2e4657553ff7486d84e1ae1c10a0d34c,USGS-10010100,62614,00003,2017-07-06,4194.2,ft,Approved,,2025-03-11 21:31:41.809573+00:00
-112.49690297112,41.2552106532508,164d9a94-b3b5-4307-8b2c-7dd65e5d7d84,2e4657553ff7486d84e1ae1c10a0d34c,USGS-10010100,62614,00003,2017-07-05,4194.1,ft,Approved,,2025-03-11 21:31:41.809573+00:00
-112.49690297112,41.2552106532508,86904514-bee4-4c22-9b74-95fdfc63af59,2e4657553ff7486d84e1ae1c10a0d34c,USGS-10010100,62614,00003,2017-07-04,4194.2,ft,Approved,,2025-03-11 21:31:41.809573+00:00
-112.49690297112,41.2552106532508,b42554ac-70a1-43bf-8bd0-fedbde05ac40,2e4657553ff7486d84e1ae1c10a0d34c,USGS-10010100,62614,00003,2017-07-03,4194.2,ft,Approved,,2025-03-11 21:31:41.809573+00:00
-112.49690297112,41.2552106532508,46d26081-1762-4998-aa93-cefef71cc839,2e4657553ff7486d84e1ae1c10a0d34c,USGS-10010100,62614,00003,2017-07-02,4194.2,ft,Approved,,2025-03-11 21:31:41.809573+00:00
-112.49690297112,41.2552106532508,f95b274f-3ab3-4a9f-b34d-f71febe3fa5b,2e4657553ff7486d84e1ae1c10a0d34c,USGS-10010100,62614,00003,2017-07-01,4194.2,ft,Approved,,2025-03-11 21:31:41.809573+00:00
-112.49690297112,41.2552106532508,6429a920-7b9f-42e5-a38a-ab98a917b4bb,2e4657553ff7486d84e1ae1c10a0d34c,USGS-10010100,62614,00003,2017-06-30,4194.2,ft,Approved,,2025-03-11 21:31:41.809573+00:00
-112.49690297112,41.2552106532508,5da9c378-b861-4d10-bcfe-d495c868dc8f,2e4657553ff7486d84e1ae1c10a0d34c,USGS-10010100,62614,00003,2017-06-29,4194.3,ft,Approved,,2025-03-11 21:31:41.809573+00:00
-112.49690297112,41.2552106532508,157d86bb-ee3f-42f0-be84-7d49fbf1f45b,2e4657553ff7486d84e1ae1c10a0d34c,USGS-10010100,62614,00003,2017-06-28,4194.3,ft,Approved,,2025-03-11 21:31:41.809573+00:00
-112.49690297112,41.2552106532508,6540adcf-6262-4999-b037-ded8b2a7d589,2e4657553ff7486d84e1ae1c10a0d34c,USGS-10010100,62614,00003,2017-06-27,4194.3,ft,Approved,,2025-03-11 21:31:41.809573+00:00
-112.49690297112,41.2552106532508,855e2305-d363-44ef-9f95-0e0d0d7fe28a,2e4657553ff7486d84e1ae1c10a0d34c,USGS-10010100,62614,00003,2017-06-26,4194.3,ft,Approved,,2025-03-11 21:31:41.809573+00:00
-112.49690297112,41.2552106532508,9b3d948e-2443-4aca-972c-202dce7a2e5e,2e4657553ff7486d84e1ae1c10a0d34c,USGS-10010100,62614,00003,2017-06-25,4194.3,ft,Approved,,2025-03-11 21:31:41.809573+00:00
-112.49690297112,41.2552106532508,9c2989e0-5284-46eb-b081-9509e0505dd2,2e4657553ff7486d84e1ae1c10a0d34c,USGS-10010100,62614,00003,2017-06-24,4194.4,ft,Approved,,2025-03-11 21:31:41.809573+00:00
-112.49690297112,41.2552106532508,18ed5eef-9baa-41f8-a604-0920db991c29,2e4657553ff7486d84e1ae1c10a0d34c,USGS-10010100,62614,00003,2017-06-23,4194.4,ft,Approved,,2025-03-11 21:31:41.809573+00:00
-112.49690297112,41.2552106532508,87dee07b-dde0-4a05-bd9e-c3277cdf9555,2e4657553ff7486d84e1ae1c10a0d34c,USGS-10010100,62614,00003,2017-06-22,4194.4,ft,Approved,,2025-03-11 21:31:41.809573+00:00
-112.49690297112,41.2552106532508,9bbcbcd4-0182-489a-8b21-8cb7ddbf083d,2e4657553ff7486d84e1ae1c10a0d34c,USGS-10010100,62614,00003,2017-06-21,4194.4,ft,Approved,,2025-03-11 21:31:41.809573+00:00
-112.49690297112,41.2552106532508,eaf94dbb-2d22-41d8-929b-0482f2fe6255,2e4657553ff7486d84e1ae1c10a0d34c,USGS-10010100,62614,00003,2017-06-20,4194.3,ft,Approved,,2025-03-11 21:31:41.809573+00:00
-112.49690297112,41.2552106532508,33763efa-bde6-4cd0-9de1-62e95dc27ecb,2e4657553ff7486d84e1ae1c10a0d34c,USGS-10010100,62614,00003,2017-06-19,4194.4,ft,Approved,,2025-03-11 21:31:41.809573+00:00
-112.49690297112,41.2552106532508,b36e4550-a1af-430c-b0a1-01084c4d9f87,2e4657553ff7486d84e1ae1c10a0d34c,USGS-10010100,62614,00003,2017-06-18,4194.3,ft,Approved,,2025-03-11 21:31:41.809573+00:00
-112.49690297112,41.2552106532508,26a45199-cb63-4533-8e8c-b0e9e82d751e,2e4657553ff7486d84e1ae1c10a0d34c,USGS-10010100,62614,00003,2017-06-17,4194.4,ft,Approved,,2025-03-11 21:31:41.809573+00:00
-112.49690297112,41.2552106532508,5b7350ed-2ef1-4351-9d55-cd2e24ecc868,2e4657553ff7486d84e1ae1c10a0d34c,USGS-10010100,62614,00003,2017-06-16,4194.4,ft,Approved,,2025-03-11 21:31:41.809573+00:00
-112.49690297112,41.2552106532508,b2860811-43b7-42a0-859b-f69592edc5ac,2e4657553ff7486d84e1ae1c10a0d34c,USGS-10010100,62614,00003,2017-06-15,4194.4,ft,Approved,,2025-03-11 21:31:41.809573+00:00
-112.49690297112,41.2552106532508,d8471d7d-40a7-4e80-9a78-a4919022aa54,2e4657553ff7486d84e1ae1c10a0d34c,USGS-10010100,62614,00003,2017-06-14,4194.4,ft,Approved,,2025-03-11 21:31:41.809573+00:00
-112.49690297112,41.2552106532508,2f7e1ae0-0123-4c58-b515-77f5146bd5d3,2e4657553ff7486d84e1ae1c10a0d34c,USGS-10010100,62614,00003,2017-06-13,4194.4,ft,Approved,,2025-03-11 21:31:41.809573+00:00
-112.49690297112,41.2552106532508,758a2255-eafa-476e-bab0-15c39d8a7c9a,2e4657553ff7486d84e1ae1c10a0d34c,USGS-10010100,62614,00003,2017-06-12,4194.3,ft,Approved,,2025-03-11 21:31:41.809573+00:00
-112.49690297112,41.2552106532508,c07f26a7-fd90-4460-a0fd-348fa072fe38,2e4657553ff7486d84e1ae1c10a0d34c,USGS-10010100,62614,00003,2017-06-11,4194.3,ft,Approved,,2025-03-11 21:31:41.809573+00:00
-112.49690297112,41.2552106532508,619cc1fe-d5e6-4218-a3c8-935407254909,2e4657553ff7486d84e1ae1c10a0d34c,USGS-10010100,62614,00003,2017-06-10,4194.4,ft,Approved,,2025-03-11 21:31:41.809573+00:00
-112.49690297112,41.2552106532508,81fa727b-4f31-4fa5-b5e0-f02c95e1bb98,2e4657553ff7486d84e1ae1c10a0d34c,USGS-10010100,62614,00003,2017-06-09,4194.5,ft,Approved,,2025-03-11 21:31:41.809573+00:00
-112.49690297112,41.2552106532508,4d88ff4b-1209-4dd9-8906-dadb10125815,2e4657553ff7486d84e1ae1c10a0d34c,USGS-10010100,62614,00003,2017-06-08,4194.4,ft,Approved,,2025-03-11 21:31:41.809573+00:00
-112.49690297112,41.2552106532508,4636ad17-c767-4272-b90e-bb85c327bdc6,2e4657553ff7486d84e1ae1c10a0d34c,USGS-10010100,62614,00003,2017-06-07,4194.4,ft,Approved,,2025-03-11 21:31:41.809573+00:00
-112.49690297112,41.2552106532508,3f1aa890-e139-492f-9b52-858417b8a20e,2e4657553ff7486d84e1ae1c10a0d34c,USGS-10010100,62614,00003,2017-06-06,4194.5,ft,Approved,,2025-03-11 21:31:41.809573+00:00
-112.49690297112,41.2552106532508,ca6756bf-ed7b-44a7-9741-c8305317943f,2e4657553ff7486d84e1ae1c10a0d34c,USGS-10010100,62614,00003,2017-06-05,4194.5,ft,Approved,,2025-03-11 21:31:41.809573+00:00
-112.49690297112,41.2552106532508,754c8893-1ad9-43c4-a8ef-e89b8f805ace,2e4657553ff7486d84e1ae1c10a0d34c,USGS-10010100,62614,00003,2017-06-04,4194.4,ft,Approved,,2025-03-11 21:31:41.809573+00:00
-112.49690297112,41.2552106532508,d847e278-0be3-4907-9e74-3148a2902255,2e4657553ff7486d84e1ae1c10a0d34c,USGS-10010100,62614,00003,2017-06-03,4194.4,ft,Approved,,2025-03-11 21:31:41.809573+00:00
-112.49690297112,41.2552106532508,eddb90c6-39aa-4997-98ec-daeeb0c780af,2e4657553ff7486d84e1ae1c10a0d34c,USGS-10010100,62614,00003,2017-06-02,4194.4,ft,Approved,,2025-03-11 21:31:41.809573+00:00
-112.49690297112,41.2552106532508,97f77321-78ff-4227-94fd-ae557d3a535b,2e4657553ff7486d84e1ae1c10a0d34c,USGS-10010100,62614,00003,2017-06-01,4194.4,ft,Approved,,2025-03-11 21:31:41.809573+00:00
-112.49690297112,41.2552106532508,58a80f44-33fb-4e7a-8648-9917b2f18163,2e4657553ff7486d84e1ae1c10a0d34c,USGS-10010100,62614,00003,2017-05-31,4194.3,ft,Approved,,2025-03-11 21:31:41.809573+00:00
-112.49690297112,41.2552106532508,36f935b9-2039-4f5f-9e94-1e0d7b2d33c4,2e4657553ff7486d84e1ae1c10a0d34c,USGS-10010100,62614,00003,2017-05-30,4194.4,ft,Approved,,2025-03-11 21:31:41.809573+00:00
-112.49690297112,41.2552106532508,5619126e-f13f-47f7-bafc-e308acbef177,2e4657553ff7486d84e1ae1c10a0d34c,USGS-10010100,62614,00003,2017-05-29,4194.5,ft,Approved,,2025-03-11 21:31:41.809573+00:00
-112.49690297112,41.2552106532508,d000a69a-2a7d-4dab-aea4-f32fd677e65a,2e4657553ff7486d84e1ae1c10a0d34c,USGS-10010100,62614,00003,2017-05-28,4194.4,ft,Approved,,2025-03-11 21:31:41.809573+00:00
-112.49690297112,41.2552106532508,5cba8b2b-0ede-4839-9758-5405d4d2dd86,2e4657553ff7486d84e1ae1c10a0d34c,USGS-10010100,62614,00003,2017-05-27,4194.4,ft,Approved,,2025-03-11 21:31:41.809573+00:00
-112.49690297112,41.2552106532508,9da0cf5a-c90e-4c8b-834f-665955305f44,2e4657553ff7486d84e1ae1c10a0d34c,USGS-10010100,62614,00003,2017-05-26,4194.5,ft,Approved,,2025-03-11 21:31:41.809573+00:00
-112.49690297112,41.2552106532508,8bb1e85a-387b-4563-a425-7c456845c4c8,2e4657553ff7486d84e1ae1c10a0d34c,USGS-10010100,62614,00003,2017-05-25,4194.4,ft,Approved,,2025-03-11 21:31:41.809573+00:00
-112.49690297112,41.2552106532508,6d33a8bd-6fc8-49ce-bef7-48942b03eb61,2e4657553ff7486d84e1ae1c10a0d34c,USGS-10010100,62614,00003,2017-05-24,4194.4,ft,Approved,,2025-03-11 21:31:41.809573+00:00
-112.49690297112,41.2552106532508,06ff3f49-6279-4da8-9a6a-e2357ba40976,2e4657553ff7486d84e1ae1c10a0d34c,USGS-10010100,62614,00003,2017-05-23,4194.3,ft,Approved,,2025-03-11 21:31:41.809573+00:00
-112.49690297112,41.2552106532508,c2c2d93e-cd20-43b7-8349-c73ffbda3c8b,2e4657553ff7486d84e1ae1c10a0d34c,USGS-10010100,62614,00003,2017-05-22,4194.3,ft,Approved,,2025-03-11 21:31:41.809573+00:00
-112.49690297112,41.2552106532508,6b811b6a-5357-4718-8d58-35e5dbc3944a,2e4657553ff7486d84e1ae1c10a0d34c,USGS-10010100,62614,00003,2017-05-21,4194.4,ft,Approved,,2025-03-11 21:31:41.809573+00:00
-112.49690297112,41.2552106532508,08cb477a-f32b-49bf-8578-ff22bf4c2cbe,2e4657553ff7486d84e1ae1c10a0d34c,USGS-10010100,62614,00003,2017-05-20,4194.2,ft,Approved,,2025-03-11 21:31:41.809573+00:00
-112.49690297112,41.2552106532508,f4082348-f5dd-4ca5-9eca-1848a408dcc6,2e4657553ff7486d84e1ae1c10a0d34c,USGS-10010100,62614,00003,2017-05-19,4194.3,ft,Approved,,2025-03-11 21:31:41.809573+00:00
-112.49690297112,41.2552106532508,9a79d0ee-a20e-444f-b07d-340b8ad8d767,2e4657553ff7486d84e1ae1c10a0d34c,USGS-10010100,62614,00003,2017-05-18,4194.3,ft,Approved,,2025-03-11 21:31:41.809573+00:00
-112.49690297112,41.2552106532508,1b932c5a-ab1f-4051-8c92-bdd918ab03e3,2e4657553ff7486d84e1ae1c10a0d34c,USGS-10010100,62614,00003,2017-05-17,4194.4,ft,Approved,,2025-03-11 21:31:41.809573+00:00
-112.49690297112,41.2552106532508,2345c253-59cb-4e34-8834-ce6017a264f9,2e4657553ff7486d84e1ae1c10a0d34c,USGS-10010100,62614,00003,2017-05-16,4194.2,ft,Approved,,2025-03-11 21:31:41.809573+00:00
-112.49690297112,41.2552106532508,534ffe1e-bf17-4eb8-af49-90a945fb2a76,2e4657553ff7486d84e1ae1c10a0d34c,USGS-10010100,62614,00003,2017-05-15,4194.4,ft,Approved,,2025-03-11 21:31:41.809573+00:00
-112.49690297112,41.2552106532508,ebfe296b-728c-45ed-8b08-72c2b8744a79,2e4657553ff7486d84e1ae1c10a0d34c,USGS-10010100,62614,00003,2017-05-14,4194.3,ft,Approved,,2025-03-11 21:31:41.809573+00:00
-112.49690297112,41.2552106532508,8f358ce2-faea-45e5-83f1-e241356c0936,2e4657553ff7486d84e1ae1c10a0d34c,USGS-10010100,62614,00003,2017-05-13,4194.3,ft,Approved,,2025-03-11 21:31:41.809573+00:00
-112.49690297112,41.2552106532508,f2639d84-0d30-476c-8d12-a172a872a6c7,2e4657553ff7486d84e1ae1c10a0d34c,USGS-10010100,62614,00003,2017-05-12,4194.2,ft,Approved,,2025-03-11 21:31:41.809573+00:00
-112.49690297112,41.2552106532508,c6d4519d-cf7c-4dac-9619-7a858a72ac38,2e4657553ff7486d84e1ae1c10a0d34c,USGS-10010100,62614,00003,2017-05-11,4194.2,ft,Approved,,2025-03-11 21:31:41.809573+00:00
-112.49690297112,41.2552106532508,b2eb750e-ec4f-4f43-b11d-f824cb55a36b,2e4657553ff7486d84e1ae1c10a0d34c,USGS-10010100,62614,00003,2017-05-10,4194.2,ft,Approved,,2025-03-11 21:31:41.809573+00:00
-112.49690297112,41.2552106532508,1053f08f-b68c-49cc-863a-6fd732fc4453,2e4657553ff7486d84e1ae1c10a0d34c,USGS-10010100,62614,00003,2017-05-09,4194.3,ft,Approved,,2025-03-11 21:31:41.809573+00:00
-112.49690297112,41.2552106532508,dfae737f-ac3d-4f0e-a012-fa6ba87d68ae,2e4657553ff7486d84e1ae1c10a0d34c,USGS-10010100,62614,00003,2017-05-08,4194.4,ft,Approved,,2025-03-11 21:31:41.809573+00:00
-112.49690297112,41.2552106532508,2d4b1a8e-f046-443c-8d49-b87680d646d1,2e4657553ff7486d84e1ae1c10a0d34c,USGS-10010100,62614,00003,2017-05-07,4194.3,ft,Approved,,2025-03-11 21:31:41.809573+00:00
-112.49690297112,41.2552106532508,57109438-5f64-4101-ad01-8135c9b91a44,2e4657553ff7486d84e1ae1c10a0d34c,USGS-10010100,62614,00003,2017-05-06,4194.0,ft,Approved,,2025-03-11 21:31:41.809573+00:00
-112.49690297112,41.2552106532508,50e6ac61-4930-4663-b211-cb874f287adb,2e4657553ff7486d84e1ae1c10a0d34c,USGS-10010100,62614,00003,2017-05-05,4194.1,ft,Approved,,2025-03-11 21:31:41.809573+00:00
-112.49690297112,41.2552106532508,6d5b358f-1b92-4f9e-b3c5-855ff0b4aeb9,2e4657553ff7486d84e1ae1c10a0d34c,USGS-10010100,62614,00003,2017-05-04,4194.1,ft,Approved,,2025-03-11 21:31:41.809573+00:00
-112.49690297112,41.2552106532508,cfac1928-f587-4a0a-9a99-c5b92a8971c1,2e4657553ff7486d84e1ae1c10a0d34c,USGS-10010100,62614,00003,2017-05-03,4194.2,ft,Approved,,2025-03-11 21:31:41.809573+00:00
-112.49690297112,41.2552106532508,bcf8c51d-84af-47cb-a3b2-c28387e7a9f7,2e4657553ff7486d84e1ae1c10a0d34c,USGS-10010100,62614,00003,2017-05-02,4194.1,ft,Approved,,2025-03-11 21:31:41.809573+00:00
-112.49690297112,41.2552106532508,4e03ca3a-fe46-44d9-83ac-533bc2bb3f53,2e4657553ff7486d84e1ae1c10a0d34c,USGS-10010100,62614,00003,2017-05-01,4194.0,ft,Approved,,2025-03-11 21:31:41.809573+00:00
-112.49690297112,41.2552106532508,ccfda8da-3bb9-4127-90f6-a3a9ecd405b8,2e4657553ff7486d84e1ae1c10a0d34c,USGS-10010100,62614,00003,2017-04-30,4193.9,ft,Approved,,2025-03-11 21:31:41.809573+00:00
-112.49690297112,41.2552106532508,b5e4ec69-476c-4559-a5ca-54d2a21ef930,2e4657553ff7486d84e1ae1c10a0d34c,USGS-10010100,62614,00003,2017-04-29,4193.9,ft,Approved,,2025-03-11 21:31:41.809573+00:00
-112.49690297112,41.2552106532508,cb0d552e-4e80-4781-b5ea-129eb46fbb87,2e4657553ff7486d84e1ae1c10a0d34c,USGS-10010100,62614,00003,2017-04-28,4194.0,ft,Approved,,2025-03-11 21:31:41.809573+00:00
-112.49690297112,41.2552106532508,9b3491eb-cc9f-41bf-974c-be60caec0dc8,2e4657553ff7486d84e1ae1c10a0d34c,USGS-10010100,62614,00003,2017-04-27,4194.2,ft,Approved,,2025-03-11 21:31:41.809573+00:00
-112.49690297112,41.2552106532508,1f19e33e-f820-431a-8a3f-a6a1c5db51eb,2e4657553ff7486d84e1ae1c10a0d34c,USGS-10010100,62614,00003,2017-04-26,4193.9,ft,Approved,,2025-03-11 21:31:41.809573+00:00
-112.49690297112,41.2552106532508,5badd87e-2675-4153-9865-f807f6c6a6b1,2e4657553ff7486d84e1ae1c10a0d34c,USGS-10010100,62614,00003,2017-04-25,4193.9,ft,Approved,,2025-03-11 21:31:41.809573+00:00
-112.49690297112,41.2552106532508,2fcb9d6c-14e9-4ee0-8629-72d6da451dd1,2e4657553ff7486d84e1ae1c10a0d34c,USGS-10010100,62614,00003,2017-04-24,4193.9,ft,Approved,,2025-03-11 21:31:41.809573+00:00
-112.49690297112,41.2552106532508,42a1845c-086c-4372-bbf1-0ffee0c7ef42,2e4657553ff7486d84e1ae1c10a0d34c,USGS-10010100,62614,00003,2017-04-23,4193.8,ft,Approved,,2025-03-11 21:31:41.809573+00:00
-112.49690297112,41.2552106532508,f7816136-a22b-46b3-a038-09cc37c72f9e,2e4657553ff7486d84e1ae1c10a0d34c,USGS-10010100,62614,00003,2017-04-22,4193.8,ft,Approved,,2025-03-11 21:31:41.809573+00:00
-112.49690297112,41.2552106532508,5c01265c-118b-482e-b535-98f9f7642163,2e4657553ff7486d84e1ae1c10a0d34c,USGS-10010100,62614,00003,2017-04-21,4193.8,ft,Approved,,2025-03-11 21:31:41.809573+00:00
-112.49690297112,41.2552106532508,8fbfb9ea-50fa-4e03-bf91-48a421591414,2e4657553ff7486d84e1ae1c10a0d34c,USGS-10010100,62614,00003,2017-04-20,4193.8,ft,Approved,,2025-03-11 21:31:41.809573+00:00
-112.49690297112,41.2552106532508,b16b5fec-da96-47f8-ba2d-6213767eee2f,2e4657553ff7486d84e1ae1c10a0d34c,USGS-10010100,62614,00003,2017-04-19,4193.7,ft,Approved,,2025-03-11 21:31:41.809573+00:00
-112.49690297112,41.2552106532508,c1c96959-40e2-4662-8c0a-af7f8d8c2b17,2e4657553ff7486d84e1ae1c10a0d34c,USGS-10010100,62614,00003,2017-04-18,4193.7,ft,Approved,,2025-03-11 21:31:41.809573+00:00
-112.49690297112,41.2552106532508,da57054d-64d0-4155-a1b0-19828b0807a7,2e4657553ff7486d84e1ae1c10a0d34c,USGS-10010100,62614,00003,2017-04-17,4193.6,ft,Approved,,2025-03-11 21:31:41.809573+00:00
-112.49690297112,41.2552106532508,f94e3cc1-b399-448d-94da-c2b35c19908e,2e4657553ff7486d84e1ae1c10a0d34c,USGS-10010100,62614,00003,2017-04-16,4193.6,ft,Approved,,2025-03-11 21:31:41.809573+00:00
-112.49690297112,41.2552106532508,6c3b25d9-c8f1-4a42-b4bc-815592d2c05e,2e4657553ff7486d84e1ae1c10a0d34c,USGS-10010100,62614,00003,2017-04-15,4193.6,ft,Approved,,2025-03-11 21:31:41.809573+00:00
-112.49690297112,41.2552106532508,b8f99794-0da3-47ba-acbe-bc6f0d671924,2e4657553ff7486d84e1ae1c10a0d34c,USGS-10010100,62614,00003,2017-04-14,4193.6,ft,Approved,,2025-03-11 21:31:41.809573+00:00
-112.49690297112,41.2552106532508,37d8eef1-1ac4-4290-ab10-219eb957852b,2e4657553ff7486d84e1ae1c10a0d34c,USGS-10010100,62614,00003,2017-04-13,4193.5,ft,Approved,,2025-03-11 21:31:41.809573+00:00
-112.49690297112,41.2552106532508,44926a17-3eeb-43a8-a255-21f1cfe4b94c,2e4657553ff7486d84e1ae1c10a0d34c,USGS-10010100,62614,00003,2017-04-12,4193.5,ft,Approved,,2025-03-11 21:31:41.809573+00:00
-112.49690297112,41.2552106532508,a8f215d7-74cc-4629-9b33-f54a6cc0ba3f,2e4657553ff7486d84e1ae1c10a0d34c,USGS-10010100,62614,00003,2017-04-11,4193.5,ft,Approved,,2025-03-11 21:31:41.809573+00:00
-112.49690297112,41.2552106532508,4ecae630-2b8c-4a94-bc28-739d829705c6,2e4657553ff7486d84e1ae1c10a0d34c,USGS-10010100,62614,00003,2017-04-10,4193.4,ft,Approved,,2025-03-11 21:31:41.809573+00:00
-112.49690297112,41.2552106532508,0403544f-9973-4c27-acb6-2d7fdfe3dd8f,2e4657553ff7486d84e1ae1c10a0d34c,USGS-10010100,62614,00003,2017-04-09,4193.5,ft,Approved,,2025-03-11 21:31:41.809573+00:00
-112.49690297112,41.2552106532508,5d2c67ac-5754-499c-aba9-ab9a099b7586,2e4657553ff7486d84e1ae1c10a0d34c,USGS-10010100,62614,00003,2017-04-08,4193.4,ft,Approved,,2025-03-11 21:31:41.809573+00:00
-112.49690297112,41.2552106532508,a08429de-affc-4e1c-aba4-6f9dc4d151eb,2e4657553ff7486d84e1ae1c10a0d34c,USGS-10010100,62614,00003,2017-04-07,4193.2,ft,Approved,,2025-03-11 21:31:41.809573+00:00
-112.49690297112,41.2552106532508,5980561a-1528-4944-af7a-e98796301c00,2e4657553ff7486d84e1ae1c10a0d34c,USGS-10010100,62614,00003,2017-04-06,4193.2,ft,Approved,,2025-03-11 21:31:41.809573+00:00
-112.49690297112,41.2552106532508,7375fad0-b41c-463e-b112-fb8e80aa7099,2e4657553ff7486d84e1ae1c10a0d34c,USGS-10010100,62614,00003,2017-04-05,4193.3,ft,Approved,,2025-03-11 21:31:41.809573+00:00
-112.49690297112,41.2552106532508,e664dae7-a1b3-4ae5-a611-216f18f1f8c9,2e4657553ff7486d84e1ae1c10a0d34c,USGS-10010100,62614,00003,2017-04-04,4193.3,ft,Approved,,2025-03-11 21:31:41.809573+00:00
-112.49690297112,41.2552106532508,3dffc4cf-04e9-4f33-9117-03c0069a4862,2e4657553ff7486d84e1ae1c10a0d34c,USGS-10010100,62614,00003,2017-04-03,4193.3,ft,Approved,,2025-03-11 21:31:41.809573+00:00
-112.49690297112,41.2552106532508,d58b7290-ff5d-4750-9791-9607156ff9cb,2e4657553ff7486d84e1ae1c10a0d34c,USGS-10010100,62614,00003,2017-04-02,4193.2,ft,Approved,,2025-03-11 21:31:41.809573+00:00
-112.49690297112,41.2552106532508,117b4621-22d4-44bb-a880-d19e0a276ab0,2e4657553ff7486d84e1ae1c10a0d34c,USGS-10010100,62614,00003,2017-04-01,4193.3,ft,Approved,,2025-03-11 21:31:41.809573+00:00
-112.49690297112,41.2552106532508,f5240861-7721-4d90-b9f3-85d01868600e,2e4657553ff7486d84e1ae1c10a0d34c,USGS-10010100,62614,00003,2017-03-31,4193.6,ft,Approved,,2025-03-11 21:31:41.809573+00:00
-112.49690297112,41.2552106532508,496dff3f-9610-459b-97b8-2ac1eb2cbb6f,2e4657553ff7486d84e1ae1c10a0d34c,USGS-10010100,62614,00003,2017-03-30,4193.3,ft,Approved,,2025-03-11 21:31:41.809573+00:00
-112.49690297112,41.2552106532508,956f85d5-8981-4051-a7c3-66df95a245d5,2e4657553ff7486d84e1ae1c10a0d34c,USGS-10010100,62614,00003,2017-03-29,4193.1,ft,Approved,,2025-03-11 21:31:41.809573+00:00
-112.49690297112,41.2552106532508,83de1993-7052-4eaf-a17f-1eed0ad0d935,2e4657553ff7486d84e1ae1c10a0d34c,USGS-10010100,62614,00003,2017-03-28,4193.2,ft,Approved,,2025-03-11 21:31:41.809573+00:00
-112.49690297112,41.2552106532508,4142f7be-7088-4945-943b-cd800e42d930,2e4657553ff7486d84e1ae1c10a0d34c,USGS-10010100,62614,00003,2017-03-27,4193.2,ft,Approved,,2025-03-11 21:31:41.809573+00:00
-112.49690297112,41.2552106532508,d6d0cb19-21d0-42b0-947a-2be273a87a33,2e4657553ff7486d84e1ae1c10a0d34c,USGS-10010100,62614,00003,2017-03-26,4193.0,ft,Approved,,2025-03-11 21:31:41.809573+00:00
-112.49690297112,41.2552106532508,5e2d2726-28df-4952-8001-3dc39d4f493c,2e4657553ff7486d84e1ae1c10a0d34c,USGS-10010100,62614,00003,2017-03-25,4193.1,ft,Approved,,2025-03-11 21:31:41.809573+00:00
-112.49690297112,41.2552106532508,69e4b845-c9ca-499b-a9f3-e53f6260d48a,2e4657553ff7486d84e1ae1c10a0d34c,USGS-10010100,62614,00003,2017-03-24,4193.0,ft,Approved,,2025-03-11 21:31:41.809573+00:00
-112.49690297112,41.2552106532508,756813d6-2096-4adb-9ee2-abb655dede6c,2e4657553ff7486d84e1ae1c10a0d34c,USGS-10010100,62614,00003,2017-03-23,4193.2,ft,Approved,,2025-03-11 21:31:41.809573+00:00
-112.49690297112,41.2552106532508,e5e6a236-6252-4bf3-bad3-b4ae1acf2476,2e4657553ff7486d84e1ae1c10a0d34c,USGS-10010100,62614,00003,2017-03-22,4193.1,ft,Approved,,2025-03-11 21:31:41.809573+00:00
-112.49690297112,41.2552106532508,060af2c7-1772-49d3-bad6-9f1838205311,2e4657553ff7486d84e1ae1c10a0d34c,USGS-10010100,62614,00003,2017-03-21,4192.9,ft,Approved,,2025-03-11 21:31:41.809573+00:00
-112.49690297112,41.2552106532508,39df34fb-d326-401b-baa2-3c9355737cb8,2e4657553ff7486d84e1ae1c10a0d34c,USGS-10010100,62614,00003,2017-03-20,4193.0,ft,Approved,,2025-03-11 21:31:41.809573+00:00
-112.49690297112,41.2552106532508,874ffcfb-61f5-4c33-8e5e-5eaf061f50e2,2e4657553ff7486d84e1ae1c10a0d34c,USGS-10010100,62614,00003,2017-03-19,4193.0,ft,Approved,,2025-03-11 21:31:41.809573+00:00
-112.49690297112,41.2552106532508,4e604976-3f05-49f5-8d34-299c77776b80,2e4657553ff7486d84e1ae1c10a0d34c,USGS-10010100,62614,00003,2017-03-18,4192.9,ft,Approved,,2025-03-11 21:31:41.809573+00:00
-112.49690297112,41.2552106532508,a7b45960-b777-4635-a13b-698ff3243ba9,2e4657553ff7486d84e1ae1c10a0d34c,USGS-10010100,62614,00003,2017-03-17,4193.0,ft,Approved,,2025-03-11 21:31:41.809573+00:00
-112.49690297112,41.2552106532508,e5aa76fc-b2b6-4305-8a51-bf5142afcaac,2e4657553ff7486d84e1ae1c10a0d34c,USGS-10010100,62614,00003,2017-03-16,4192.9,ft,Approved,,2025-03-11 21:31:41.809573+00:00
-112.49690297112,41.2552106532508,511b9fd2-6f89-4362-9145-30415833ac4e,2e4657553ff7486d84e1ae1c10a0d34c,USGS-10010100,62614,00003,2017-03-15,4192.9,ft,Approved,,2025-03-11 21:31:41.809573+00:00
-112.49690297112,41.2552106532508,f6f725b8-03cc-458c-83f1-1278ea035f05,2e4657553ff7486d84e1ae1c10a0d34c,USGS-10010100,62614,00003,2017-03-14,4192.8,ft,Approved,,2025-03-11 21:31:41.809573+00:00
-112.49690297112,41.2552106532508,417bc376-dd35-4d1d-8f08-44a70ee05d20,2e4657553ff7486d84e1ae1c10a0d34c,USGS-10010100,62614,00003,2017-03-13,4192.8,ft,Approved,,2025-03-11 21:31:41.809573+00:00
-112.49690297112,41.2552106532508,243c19fa-b0ec-4bff-86cb-1e4325685a5d,2e4657553ff7486d84e1ae1c10a0d34c,USGS-10010100,62614,00003,2017-03-12,4192.8,ft,Approved,,2025-03-11 21:31:41.809573+00:00
-112.49690297112,41.2552106532508,6ea10a22-e45a-4fb7-9aea-472b6a8ac41d,2e4657553ff7486d84e1ae1c10a0d34c,USGS-10010100,62614,00003,2017-03-11,4192.8,ft,Approved,,2025-03-11 21:31:41.809573+00:00
-112.49690297112,41.2552106532508,6ba8fbc9-e957-4c7f-b88e-265e8080b215,2e4657553ff7486d84e1ae1c10a0d34c,USGS-10010100,62614,00003,2017-03-10,4192.8,ft,Approved,,2025-03-11 21:31:41.809573+00:00
-112.49690297112,41.2552106532508,10efcf14-c4af-4e9f-9922-4ef86b2379f7,2e4657553ff7486d84e1ae1c10a0d34c,USGS-10010100,62614,00003,2017-03-09,4192.7,ft,Approved,,2025-03-11 21:31:41.809573+00:00
-112.49690297112,41.2552106532508,321ddedc-2454-46f7-87c0-78a0a320f010,2e4657553ff7486d84e1ae1c10a0d34c,USGS-10010100,62614,00003,2017-03-08,4192.7,ft,Approved,,2025-03-11 21:31:41.809573+00:00
-112.49690297112,41.2552106532508,8d457b0d-905c-403f-8946-c72ab9877f62,2e4657553ff7486d84e1ae1c10a0d34c,USGS-10010100,62614,00003,2017-03-07,4192.6,ft,Approved,,2025-03-11 21:31:41.809573+00:00
-112.49690297112,41.2552106532508,ed6cba76-6e08-4a2f-b8b5-03f2aba88b58,2e4657553ff7486d84e1ae1c10a0d34c,USGS-10010100,62614,00003,2017-03-06,4192.8,ft,Approved,,2025-03-11 21:31:41.809573+00:00
-112.49690297112,41.2552106532508,1ee5722a-8aa0-49fc-9bff-ff11c7dde8da,2e4657553ff7486d84e1ae1c10a0d34c,USGS-10010100,62614,00003,2017-03-05,4192.5,ft,Approved,,2025-03-11 21:31:41.809573+00:00
-112.49690297112,41.2552106532508,8743bb50-9660-4f09-8005-982e15094821,2e4657553ff7486d84e1ae1c10a0d34c,USGS-10010100,62614,00003,2017-03-04,4192.5,ft,Approved,,2025-03-11 21:31:41.809573+00:00
-112.49690297112,41.2552106532508,27ddb93b-cf05-446e-ba3b-697896b8dcd1,2e4657553ff7486d84e1ae1c10a0d34c,USGS-10010100,62614,00003,2017-03-03,4192.6,ft,Approved,,2025-03-11 21:31:41.809573+00:00
-112.49690297112,41.2552106532508,3e81fcae-9ac5-48d0-8305-dc4a3bffdbbf,2e4657553ff7486d84e1ae1c10a0d34c,USGS-10010100,62614,00003,2017-03-02,4192.5,ft,Approved,,2025-03-11 21:31:41.809573+00:00
-112.49690297112,41.2552106532508,4b19d644-cf7d-4455-a7fc-e755ca1b3f49,2e4657553ff7486d84e1ae1c10a0d34c,USGS-10010100,62614,00003,2017-03-01,4192.6,ft,Approved,,2025-03-11 21:31:41.809573+00:00
-112.49690297112,41.2552106532508,ac28da48-3743-4758-85dd-962eec2982ef,2e4657553ff7486d84e1ae1c10a0d34c,USGS-10010100,62614,00003,2017-02-28,4192.6,ft,Approved,,2025-03-11 21:31:41.809573+00:00
-112.49690297112,41.2552106532508,2a3b7b7f-616e-48c9-8da6-ca96350284d5,2e4657553ff7486d84e1ae1c10a0d34c,USGS-10010100,62614,00003,2017-02-27,4192.5,ft,Approved,,2025-03-11 21:31:41.809573+00:00
-112.49690297112,41.2552106532508,e4f54dc4-e753-44c4-9805-5784c120b2d0,2e4657553ff7486d84e1ae1c10a0d34c,USGS-10010100,62614,00003,2017-02-26,4192.4,ft,Approved,,2025-03-11 21:31:41.809573+00:00
-112.49690297112,41.2552106532508,11094625-6b8f-41dc-9e42-655e6b9081ea,2e4657553ff7486d84e1ae1c10a0d34c,USGS-10010100,62614,00003,2017-02-25,4192.5,ft,Approved,,2025-03-11 21:31:41.809573+00:00
-112.49690297112,41.2552106532508,6ffff77b-cdae-4adf-831f-eb8163871c11,2e4657553ff7486d84e1ae1c10a0d34c,USGS-10010100,62614,00003,2017-02-24,4192.5,ft,Approved,,2025-03-11 21:31:41.809573+00:00
-112.49690297112,41.2552106532508,e594c176-f1b0-4150-89e8-87f678c5aae5,2e4657553ff7486d84e1ae1c10a0d34c,USGS-10010100,62614,00003,2017-02-23,4192.5,ft,Approved,,2025-03-11 21:31:41.809573+00:00
-112.49690297112,41.2552106532508,807815d1-9317-44d1-82e7-3c02e2510af9,2e4657553ff7486d84e1ae1c10a0d34c,USGS-10010100,62614,00003,2017-02-22,4192.3,ft,Approved,,2025-03-11 21:31:41.809573+00:00
-112.49690297112,41.2552106532508,2527e350-e037-40e8-a87a-df16610b532b,2e4657553ff7486d84e1ae1c10a0d34c,USGS-10010100,62614,00003,2017-02-21,4192.1,ft,Approved,,2025-03-11 21:31:41.809573+00:00
-112.49690297112,41.2552106532508,6b12a9cd-fcc0-4733-997e-708c93fbb5bb,2e4657553ff7486d84e1ae1c10a0d34c,USGS-10010100,62614,00003,2017-02-20,4192.1,ft,Approved,,2025-03-11 21:31:41.809573+00:00
-112.49690297112,41.2552106532508,fde7d137-8e90-4a52-bb46-0593fe0a4dc6,2e4657553ff7486d84e1ae1c10a0d34c,USGS-10010100,62614,00003,2017-02-19,4192.1,ft,Approved,,2025-03-11 21:31:41.809573+00:00
-112.49690297112,41.2552106532508,0cfb82f5-82ff-45b9-aec3-f97ae817e142,2e4657553ff7486d84e1ae1c10a0d34c,USGS-10010100,62614,00003,2017-02-18,4192.1,ft,Approved,,2025-03-11 21:31:41.809573+00:00
-112.49690297112,41.2552106532508,b2c143e1-645e-41d3-9cec-859d7f2e89d4,2e4657553ff7486d84e1ae1c10a0d34c,USGS-10010100,62614,00003,2017-02-17,4192.1,ft,Approved,,2025-03-11 21:31:41.809573+00:00
-112.49690297112,41.2552106532508,3bb600f2-e2fc-47c5-9360-c12b79e4060f,2e4657553ff7486d84e1ae1c10a0d34c,USGS-10010100,62614,00003,2017-02-16,4192.1,ft,Approved,,2025-03-11 21:31:41.809573+00:00
-112.49690297112,41.2552106532508,7ba4354f-fbad-4300-9bdf-56c53976b836,2e4657553ff7486d84e1ae1c10a0d34c,USGS-10010100,62614,00003,2017-02-15,4192.1,ft,Approved,,2025-03-11 21:31:41.809573+00:00
-112.49690297112,41.2552106532508,2ff4fe77-c78a-4fc4-8a00-2f77e6a633a3,2e4657553ff7486d84e1ae1c10a0d34c,USGS-10010100,62614,00003,2017-02-14,4192.1,ft,Approved,,2025-03-11 21:31:41.809573+00:00
-112.49690297112,41.2552106532508,c0dddba8-d9ba-40a6-817d-4088ea38e309,2e4657553ff7486d84e1ae1c10a0d34c,USGS-10010100,62614,00003,2017-02-13,4192.1,ft,Approved,,2025-03-11 21:31:41.809573+00:00
-112.49690297112,41.2552106532508,39e4f2d4-1cb9-44fc-bf23-f7631575fdb9,2e4657553ff7486d84e1ae1c10a0d34c,USGS-10010100,62614,00003,2017-02-12,4192.1,ft,Approved,,2025-03-11 21:31:41.809573+00:00
-112.49690297112,41.2552106532508,75f25349-e2ac-4fe4-a305-8d25a330fd56,2e4657553ff7486d84e1ae1c10a0d34c,USGS-10010100,62614,00003,2017-02-11,4191.9,ft,Approved,,2025-03-11 21:31:41.809573+00:00
-112.49690297112,41.2552106532508,727667db-f8d5-4ace-aa84-eb5d59ff7c37,2e4657553ff7486d84e1ae1c10a0d34c,USGS-10010100,62614,00003,2017-02-10,4191.8,ft,Approved,,2025-03-11 21:31:41.809573+00:00
-112.49690297112,41.2552106532508,9705b1f6-6699-4a68-beb7-2779c4ef2a1a,2e4657553ff7486d84e1ae1c10a0d34c,USGS-10010100,62614,00003,2017-02-09,4191.8,ft,Approved,,2025-03-11 21:31:41.809573+00:00
-112.49690297112,41.2552106532508,d1ab0bf3-d1d2-4900-a818-dd90d7f000b4,2e4657553ff7486d84e1ae1c10a0d34c,USGS-10010100,62614,00003,2017-02-08,4191.7,ft,Approved,,2025-03-11 21:31:41.809573+00:00
-112.49690297112,41.2552106532508,e07d7865-e4a7-4ad4-b82e-7b078fd12826,2e4657553ff7486d84e1ae1c10a0d34c,USGS-10010100,62614,00003,2017-02-07,4191.7,ft,Approved,,2025-03-11 21:31:41.809573+00:00
-112.49690297112,41.2552106532508,fa327940-1c33-45d5-983c-eab2783fb0c0,2e4657553ff7486d84e1ae1c10a0d34c,USGS-10010100,62614,00003,2017-02-06,4191.5,ft,Approved,,2025-03-11 21:31:41.809573+00:00
-112.49690297112,41.2552106532508,c5265a0f-7ace-485a-a0f7-70394831b6d6,2e4657553ff7486d84e1ae1c10a0d34c,USGS-10010100,62614,00003,2017-02-05,4191.6,ft,Approved,,2025-03-11 21:31:41.809573+00:00
-112.49690297112,41.2552106532508,3cae233c-9806-44a5-8035-e1b1d62f8737,2e4657553ff7486d84e1ae1c10a0d34c,USGS-10010100,62614,00003,2017-02-04,4191.6,ft,Approved,,2025-03-11 21:31:41.809573+00:00
-112.49690297112,41.2552106532508,fc9a82e2-6928-44e3-80b7-9cc49cb2e9bd,2e4657553ff7486d84e1ae1c10a0d34c,USGS-10010100,62614,00003,2017-02-03,4191.6,ft,Approved,,2026-01-16 00:24:01.973802+00:00
-112.49690297112,41.2552106532508,ae124ff1-1b3d-4e0a-90c3-c31ca9a4fd80,2e4657553ff7486d84e1ae1c10a0d34c,USGS-10010100,62614,00003,2017-02-02,4191.6,ft,Approved,['ESTIMATED'],2025-03-11 21:31:41.809573+00:00
-112.49690297112,41.2552106532508,ad72a5e8-7011-40c3-bfbf-19ae7347b7bc,2e4657553ff7486d84e1ae1c10a0d34c,USGS-10010100,62614,00003,2017-02-01,4191.5,ft,Approved,['ESTIMATED'],2025-03-11 21:31:41.809573+00:00
-112.49690297112,41.2552106532508,eeff8af6-7c25-4f69-a528-91d5fd091676,2e4657553ff7486d84e1ae1c10a0d34c,USGS-10010100,62614,00003,2017-01-31,4191.5,ft,Approved,['ESTIMATED'],2025-03-11 21:31:41.809573+00:00
-112.49690297112,41.2552106532508,71bc2ac1-294d-4059-8799-76a4d42ff0d9,2e4657553ff7486d84e1ae1c10a0d34c,USGS-10010100,62614,00003,2017-01-30,4191.5,ft,Approved,['ESTIMATED'],2025-03-11 21:31:41.809573+00:00
-112.49690297112,41.2552106532508,764e0b4f-3e5a-431c-b714-31b7138f74a7,2e4657553ff7486d84e1ae1c10a0d34c,USGS-10010100,62614,00003,2017-01-29,4191.5,ft,Approved,,2025-03-11 21:31:41.809573+00:00
-112.49690297112,41.2552106532508,3325216a-cded-474c-8e03-1d57462ed172,2e4657553ff7486d84e1ae1c10a0d34c,USGS-10010100,62614,00003,2017-01-28,4191.5,ft,Approved,,2025-03-11 21:31:41.809573+00:00
-112.49690297112,41.2552106532508,75b5bed7-ae61-4440-8438-c36c6b0b078a,2e4657553ff7486d84e1ae1c10a0d34c,USGS-10010100,62614,00003,2017-01-27,4191.5,ft,Approved,,2025-03-11 21:31:41.809573+00:00
-112.49690297112,41.2552106532508,b0e95d3f-affe-4cb7-a6ec-47def04820ec,2e4657553ff7486d84e1ae1c10a0d34c,USGS-10010100,62614,00003,2017-01-26,4191.4,ft,Approved,,2025-03-11 21:31:41.809573+00:00
-112.49690297112,41.2552106532508,298053a3-8b7b-4784-ac6e-0e659a431912,2e4657553ff7486d84e1ae1c10a0d34c,USGS-10010100,62614,00003,2017-01-25,4191.4,ft,Approved,,2025-03-11 21:31:41.809573+00:00
-112.49690297112,41.2552106532508,24c7bb59-3ab4-45a1-92ec-1c6f646896da,2e4657553ff7486d84e1ae1c10a0d34c,USGS-10010100,62614,00003,2017-01-24,4191.4,ft,Approved,,2025-03-11 21:31:41.809573+00:00
-112.49690297112,41.2552106532508,5e128af6-ef29-4713-aec3-4a1cec75d604,2e4657553ff7486d84e1ae1c10a0d34c,USGS-10010100,62614,00003,2017-01-23,4191.3,ft,Approved,,2025-03-11 21:31:41.809573+00:00
-112.49690297112,41.2552106532508,5a2f3c80-dccb-4fff-871f-87110ab82c17,2e4657553ff7486d84e1ae1c10a0d34c,USGS-10010100,62614,00003,2017-01-22,4191.1,ft,Approved,,2025-03-11 21:31:41.809573+00:00
-112.49690297112,41.2552106532508,af73f660-678d-438b-a9e6-30d5e3c7e941,2e4657553ff7486d84e1ae1c10a0d34c,USGS-10010100,62614,00003,2017-01-21,4191.2,ft,Approved,,2025-03-11 21:31:41.809573+00:00
-112.49690297112,41.2552106532508,32006a59-422d-43b3-8e01-2a14690e5941,2e4657553ff7486d84e1ae1c10a0d34c,USGS-10010100,62614,00003,2017-01-20,4191.2,ft,Approved,,2025-03-11 21:31:41.809573+00:00
-112.49690297112,41.2552106532508,958dd27a-fd4c-45ef-83a2-a0395e79b88a,2e4657553ff7486d84e1ae1c10a0d34c,USGS-10010100,62614,00003,2017-01-19,4191.1,ft,Approved,,2026-01-16 00:24:01.973802+00:00
-112.49690297112,41.2552106532508,0f830efa-48be-46a5-887e-f8ad5063f813,2e4657553ff7486d84e1ae1c10a0d34c,USGS-10010100,62614,00003,2017-01-18,4191.2,ft,Approved,['ESTIMATED'],2025-03-11 21:31:41.809573+00:00
-112.49690297112,41.2552106532508,d2c047d3-1332-408a-a4db-7c7f27ad98fe,2e4657553ff7486d84e1ae1c10a0d34c,USGS-10010100,62614,00003,2017-01-17,4191.1,ft,Approved,,2025-03-11 21:31:41.809573+00:00
-112.49690297112,41.2552106532508,1f109830-de76-48f4-8456-e03a7f78f2da,2e4657553ff7486d84e1ae1c10a0d34c,USGS-10010100,62614,00003,2017-01-16,4191.1,ft,Approved,,2025-03-11 21:31:41.809573+00:00
-112.49690297112,41.2552106532508,6e62e31a-7243-402e-a16c-c8146d0a9bd6,2e4657553ff7486d84e1ae1c10a0d34c,USGS-10010100,62614,00003,2017-01-15,4191.0,ft,Approved,,2025-03-11 21:31:41.809573+00:00
-112.49690297112,41.2552106532508,b0edc577-4c86-4989-a241-0f9c42aa70e7,2e4657553ff7486d84e1ae1c10a0d34c,USGS-10010100,62614,00003,2017-01-14,4191.1,ft,Approved,,2025-03-11 21:31:41.809573+00:00
-112.49690297112,41.2552106532508,b0cb69b4-ab9d-4885-bca1-9c6c7e5ee0a1,2e4657553ff7486d84e1ae1c10a0d34c,USGS-10010100,62614,00003,2017-01-13,4191.0,ft,Approved,,2025-03-11 21:31:41.809573+00:00
-112.49690297112,41.2552106532508,3bf4755a-fecc-445c-9daf-3a4eb088c5a6,2e4657553ff7486d84e1ae1c10a0d34c,USGS-10010100,62614,00003,2017-01-12,4190.9,ft,Approved,,2025-03-11 21:31:41.809573+00:00
-112.49690297112,41.2552106532508,5108f4e5-c4cc-4def-9ccd-a5c921f05c99,2e4657553ff7486d84e1ae1c10a0d34c,USGS-10010100,62614,00003,2017-01-11,4190.9,ft,Approved,,2025-03-11 21:31:41.809573+00:00
-112.49690297112,41.2552106532508,c388d750-907c-41e9-b74b-5084415fa694,2e4657553ff7486d84e1ae1c10a0d34c,USGS-10010100,62614,00003,2017-01-10,4190.8,ft,Approved,,2025-03-11 21:31:41.809573+00:00
-112.49690297112,41.2552106532508,4561b54d-67b0-4a0b-84a2-a13edbe7d3bc,2e4657553ff7486d84e1ae1c10a0d34c,USGS-10010100,62614,00003,2017-01-09,4190.8,ft,Approved,,2025-03-11 21:31:41.809573+00:00
-112.49690297112,41.2552106532508,2838bdbb-6ad9-48a5-b9ec-4fd98d4b9160,2e4657553ff7486d84e1ae1c10a0d34c,USGS-10010100,62614,00003,2017-01-08,4190.8,ft,Approved,,2025-03-11 21:31:41.809573+00:00
-112.49690297112,41.2552106532508,d01f6d77-7a78-4798-b5be-438eb3ce8d7a,2e4657553ff7486d84e1ae1c10a0d34c,USGS-10010100,62614,00003,2017-01-07,4190.7,ft,Approved,,2025-03-11 21:31:41.809573+00:00
-112.49690297112,41.2552106532508,27060bcf-67dd-4247-af97-fc2876db196b,2e4657553ff7486d84e1ae1c10a0d34c,USGS-10010100,62614,00003,2017-01-06,4190.8,ft,Approved,,2025-03-11 21:31:41.809573+00:00
-112.49690297112,41.2552106532508,83d67e3f-7ce4-416f-9e87-98081ccdbf68,2e4657553ff7486d84e1ae1c10a0d34c,USGS-10010100,62614,00003,2017-01-05,4191.1,ft,Approved,,2025-03-11 21:31:41.809573+00:00
-112.49690297112,41.2552106532508,96f7ddbf-97ba-4599-8670-cbf1032bfa53,2e4657553ff7486d84e1ae1c10a0d34c,USGS-10010100,62614,00003,2017-01-04,4190.8,ft,Approved,,2025-03-11 21:31:41.809573+00:00
-112.49690297112,41.2552106532508,1a6354a5-fdd5-42f3-8a39-645c292a2549,2e4657553ff7486d84e1ae1c10a0d34c,USGS-10010100,62614,00003,2017-01-03,4190.6,ft,Approved,,2025-03-11 21:31:41.809573+00:00
-112.49690297112,41.2552106532508,ecd20640-7d3d-452a-ac8d-f9d4bd0ff2b7,2e4657553ff7486d84e1ae1c10a0d34c,USGS-10010100,62614,00003,2017-01-02,4190.6,ft,Approved,,2025-03-11 21:31:41.809573+00:00
-112.49690297112,41.2552106532508,77c0f85f-8e6a-4a42-99fc-3695fb9ef241,2e4657553ff7486d84e1ae1c10a0d34c,USGS-10010100,62614,00003,2017-01-01,4190.6,ft,Approved,,2025-03-11 21:31:41.809573+00:00
